loan_id,loan_amount,interest_rate,loan_tenure_months,income,credit_score,loan_default,activity_score,is_diaspora,age,total_card_value,segment_High Net Worth,segment_Low Income,segment_Middle Class
415,41610,17.35,48,135087,666,0,0.9662257257058204,0,60,10937.34,False,False,True
160,39070,17.1,12,135087,666,0,0.9662257257058204,0,60,10937.34,False,False,True
84,43360,14.35,24,135087,666,0,0.9662257257058204,0,60,10937.34,False,False,True
61,67325,15.28,48,35205,750,0,0.8016194859820336,0,50,14922.73,False,True,False
559,164366,16.3,36,38934,556,0,0.6304176183813543,0,36,42538.55,False,True,False
315,100183,16.99,36,38934,556,0,0.6304176183813543,0,36,42538.55,False,True,False
609,233175,13.83,36,6265,730,0,0.6699699240966567,0,42,11089.47,False,True,False
719,14109,10.42,36,37953,678,0,0.0719808184633217,1,60,683.51,False,True,False
417,23085,16.21,12,37953,678,0,0.0719808184633217,1,60,683.51,False,True,False
744,309755,14.26,36,269561,588,0,0.2566805916502634,0,40,62005.54,True,False,False
428,34165,12.68,36,269561,588,0,0.2566805916502634,0,40,62005.54,True,False,False
672,45290,16.02,12,112577,641,1,0.4023935648144301,0,32,10113.779999999999,False,False,True
538,119084,15.89,48,24862,728,0,0.1514576224004145,0,45,22538.289999999997,False,True,False
166,38102,19.66,48,24862,728,1,0.1514576224004145,0,45,22538.289999999997,False,True,False
230,56415,17.46,24,37116,591,0,0.4418490344777326,1,57,60937.06,False,True,False
365,614920,15.8,36,32595,720,0,0.7706919707602339,0,61,40332.380000000005,False,True,False
247,105856,18.11,48,54918,665,0,0.0053985421836774,0,24,49316.780000000006,False,True,False
244,18628,15.21,36,54918,665,0,0.0053985421836774,0,24,49316.780000000006,False,True,False
601,3369,13.23,48,93487,655,0,0.6685049011509828,0,43,4834.1,False,True,False
93,28353,14.25,24,48365,648,0,0.9726266044325526,0,23,10449.8,False,True,False
197,210793,12.97,12,33203,649,0,0.6068265635885829,0,45,17060.33,False,True,False
340,25820,13.53,36,69630,760,0,0.2325680742568285,1,42,50302.6,False,True,False
319,23518,19.47,12,69630,760,1,0.2325680742568285,1,42,50302.6,False,True,False
397,156480,17.85,36,29287,675,0,0.4026712082539978,0,33,24814.59,False,True,False
3,83170,18.19,24,29287,675,0,0.4026712082539978,0,33,24814.59,False,True,False
756,39502,19.49,48,25542,591,0,0.207843721419649,0,43,16819.43,False,True,False
453,45242,14.31,48,126977,601,0,0.7428312764656902,0,48,44290.61,False,False,True
392,8343,12.29,48,126977,601,0,0.7428312764656902,0,48,44290.61,False,False,True
52,82334,19.07,12,95222,656,0,0.6615910659592654,0,63,29615.549999999996,False,True,False
568,79353,15.11,24,62189,694,0,0.2363365902687512,0,49,21865.57,False,True,False
581,74247,18.45,48,21940,675,0,0.09785700271645,1,37,13768.35,False,True,False
731,54248,15.8,36,31357,761,0,0.5761593298259662,0,36,30593.71,False,True,False
706,243827,10.86,36,27905,587,0,0.5536778335394333,0,24,3478.16,False,True,False
724,68216,19.74,12,24928,658,1,0.188385009334873,0,58,64075.64,False,True,False
783,83832,17.3,36,26318,560,0,0.0562466943151724,0,28,21372.29,False,True,False
781,20841,11.08,36,104304,600,0,0.4248285331769005,0,41,41220.76,False,False,True
193,51562,16.36,36,17017,571,0,0.1229218799989727,0,28,3738.54,False,True,False
134,25801,11.57,48,17017,571,0,0.1229218799989727,0,28,3738.54,False,True,False
664,1073386,15.33,24,10460,570,0,0.6195682247786596,0,29,8418.5,False,True,False
255,322165,13.95,48,67533,716,1,0.5566820526817535,0,38,39911.049999999996,False,True,False
142,37270,10.93,36,67533,716,0,0.5566820526817535,0,38,39911.049999999996,False,True,False
337,12038,18.02,36,52963,791,0,0.6457592922613059,0,57,14933.84,False,True,False
38,33128,12.8,36,52963,791,0,0.6457592922613059,0,57,14933.84,False,True,False
772,4900,14.18,48,10680,521,0,0.01351727169972,0,61,13901.96,False,True,False
750,72681,14.19,36,17579,705,0,0.0759935063158318,0,27,22458.14,False,True,False
202,19237,17.08,48,11072,560,0,0.7167185857676419,0,50,32659.57,False,True,False
256,43894,10.39,36,12435,611,0,0.3900860387802136,0,57,39905.340000000004,False,True,False
99,275583,15.6,36,12435,611,0,0.3900860387802136,0,57,39905.340000000004,False,True,False
773,47739,14.06,36,15549,589,0,0.7316795987874818,0,52,4813.219999999999,False,True,False
617,20523,18.91,36,15549,589,0,0.7316795987874818,0,52,4813.219999999999,False,True,False
533,49536,10.62,24,12207,649,0,0.8556436641449466,0,29,53155.54999999999,False,True,False
410,14063,15.76,36,12207,649,0,0.8556436641449466,0,29,53155.54999999999,False,True,False
253,184580,16.01,36,12207,649,0,0.8556436641449466,0,29,53155.54999999999,False,True,False
125,165566,18.2,36,12207,649,1,0.8556436641449466,0,29,53155.54999999999,False,True,False
281,27179,19.52,48,89600,606,0,0.6940723335309844,0,61,36804.17,False,True,False
175,59463,16.14,48,26485,689,0,0.2983377435874987,0,45,15899.06,False,True,False
535,33717,13.03,12,9695,670,0,0.263025835742784,0,47,39243.549999999996,False,True,False
366,9404,17.21,48,9695,670,0,0.263025835742784,0,47,39243.549999999996,False,True,False
739,229020,15.86,48,63624,644,0,0.1636084208437122,0,46,45587.83000000001,False,True,False
64,29002,18.14,48,43820,561,0,0.3627671331374759,0,62,16102.230000000001,False,True,False
748,59992,11.03,48,10638,669,0,0.6834344870539171,0,36,104470.09,False,True,False
707,73361,10.87,48,340042,701,0,0.6838767411633063,0,22,14186.800000000001,True,False,False
626,12423,17.5,36,340042,701,0,0.6838767411633063,0,22,14186.800000000001,True,False,False
624,93798,15.88,24,129751,572,0,0.5018402425556384,0,46,16982.52,False,False,True
556,29752,19.93,12,129751,572,0,0.5018402425556384,0,46,16982.52,False,False,True
455,57750,11.86,48,129751,572,0,0.5018402425556384,0,46,16982.52,False,False,True
611,73703,13.38,24,39647,536,0,0.6189351627634337,0,22,18015.83,False,True,False
313,101375,12.62,24,39647,536,0,0.6189351627634337,0,22,18015.83,False,True,False
785,11321,17.61,12,54777,608,0,0.8948692007055198,0,45,2721.47,False,True,False
139,4578,12.98,24,54777,608,0,0.8948692007055198,0,45,2721.47,False,True,False
666,124913,18.33,48,29570,681,0,0.0800895096711612,0,56,16883.33,False,True,False
607,199360,12.41,24,9916,786,0,0.5892857278628512,0,54,39405.18,False,True,False
308,197156,18.1,48,9916,786,0,0.5892857278628512,0,54,39405.18,False,True,False
391,175109,19.89,24,47704,536,0,0.5599936714635579,0,26,16445.190000000002,False,True,False
320,366674,13.2,12,11746,693,1,0.8126126390881718,0,60,10273.55,False,True,False
414,34831,13.87,36,78451,627,0,0.6896385196589061,0,28,21407.43,False,True,False
154,113095,13.54,24,98700,634,0,0.4690400466659629,0,55,25320.390000000003,False,True,False
95,33785,19.19,36,98700,634,0,0.4690400466659629,0,55,25320.390000000003,False,True,False
729,10364,11.5,12,50830,608,0,0.5044247460634369,0,54,26759.68,False,True,False
341,10634,19.13,36,50830,608,0,0.5044247460634369,0,54,26759.68,False,True,False
665,208686,12.04,12,29125,626,0,0.5850778163732161,0,44,36314.61,False,True,False
76,35831,17.71,12,29125,626,0,0.5850778163732161,0,44,36314.61,False,True,False
792,39404,10.65,12,47299,673,0,0.4337782744071536,0,48,14820.09,False,True,False
632,3270,17.37,36,55376,697,0,0.5161348046744978,0,22,30617.989999999994,False,True,False
761,72822,17.29,24,44781,608,0,0.3048381692562669,0,56,3591.87,False,True,False
159,23700,11.51,12,10949,710,0,0.6879100914553243,0,58,14946.009999999998,False,True,False
652,84193,10.21,36,90339,674,0,0.8639548220095106,1,35,33249.8,False,True,False
347,61670,13.89,24,86754,550,0,0.1929840079390286,0,22,47078.69,False,True,False
54,36175,18.8,12,21246,557,1,0.6162540405708125,1,47,18368.66,False,True,False
649,94105,16.95,12,45596,646,0,0.5543007058479525,0,36,2332.53,False,True,False
174,17465,18.03,36,37452,628,0,0.5271483816252647,1,36,16848.56,False,True,False
148,78589,10.24,24,224758,709,0,0.8878729318513303,0,34,6940.8099999999995,True,False,False
636,14696,19.88,48,3915,684,0,0.7029917261468195,0,53,45643.37,False,True,False
631,37772,16.07,24,72823,652,0,0.2161259983487622,1,60,26779.88,False,True,False
336,223844,19.05,12,72823,652,0,0.2161259983487622,1,60,26779.88,False,True,False
751,74250,16.0,36,12250,792,0,0.4316602141437834,0,25,24939.74,False,True,False
529,168501,15.19,24,12250,792,0,0.4316602141437834,0,25,24939.74,False,True,False
789,29595,16.48,24,24945,715,0,0.8175653295445969,0,51,21668.909999999996,False,True,False
595,172271,14.92,36,24945,715,0,0.8175653295445969,0,51,21668.909999999996,False,True,False
430,49242,16.82,36,24945,715,0,0.8175653295445969,0,51,21668.909999999996,False,True,False
86,9158,15.04,24,16308,803,0,0.8429499931391071,1,58,15855.140000000001,False,True,False
727,31200,14.56,24,160038,687,0,0.520456092139383,0,44,38526.24999999999,False,False,True
524,27481,11.19,12,87765,546,0,0.8608108626867375,0,60,8550.12,False,True,False
669,99176,11.92,36,91230,631,1,0.0054437091916905,0,36,4884.29,False,True,False
380,263535,15.89,12,91230,631,0,0.0054437091916905,0,36,4884.29,False,True,False
105,34912,10.98,12,103743,686,0,0.9118215936367428,0,50,19822.08,False,False,True
658,56527,12.64,12,32242,604,0,0.7536101314779872,0,53,3662.69,False,True,False
177,31562,10.26,12,21091,660,0,0.9556394617234216,0,28,34725.46,False,True,False
646,28958,11.27,48,154625,566,0,0.772089523881285,0,43,35430.06,False,False,True
207,25062,11.04,12,154625,566,0,0.772089523881285,0,43,35430.06,False,False,True
709,43604,19.93,12,35714,560,0,0.842371333818322,0,49,16294.93,False,True,False
571,88620,11.66,48,35714,560,0,0.842371333818322,0,49,16294.93,False,True,False
87,304808,13.84,48,17583,610,0,0.8335741096457367,0,27,13402.939999999999,False,True,False
638,38330,19.46,36,228288,602,0,0.4586498980810759,0,41,20543.14,True,False,False
468,100219,11.04,12,93802,780,1,0.6769767523110285,0,51,29174.39,False,True,False
356,75977,16.75,24,93802,780,0,0.6769767523110285,0,51,29174.39,False,True,False
353,4031,17.12,36,93802,780,0,0.6769767523110285,0,51,29174.39,False,True,False
447,19605,11.82,36,111649,593,0,0.093990929416602,0,49,34881.509999999995,False,False,True
364,90784,12.47,24,111649,593,0,0.093990929416602,0,49,34881.509999999995,False,False,True
7,41160,11.24,24,111649,593,0,0.093990929416602,0,49,34881.509999999995,False,False,True
57,9675,12.07,36,8235,770,0,0.983731853997006,1,60,28119.54,False,True,False
765,39734,11.96,24,70230,613,0,0.8455511954968996,0,34,3276.6,False,True,False
37,76191,10.68,48,70230,613,0,0.8455511954968996,0,34,3276.6,False,True,False
81,99351,10.64,36,32869,666,0,0.6109594994322547,0,62,12419.160000000002,False,True,False
402,71808,10.67,12,66067,644,0,0.0401246202610094,0,24,46381.229999999996,False,True,False
439,51521,18.08,12,120665,711,0,0.9014468295383796,0,60,36173.39,False,False,True
475,87512,12.76,24,32788,622,1,0.5574292792643197,0,27,22088.72,False,True,False
737,85210,17.52,12,56619,588,0,0.8684761512027696,1,29,41830.22,False,True,False
312,123046,17.46,12,56619,588,0,0.8684761512027696,1,29,41830.22,False,True,False
715,4146,13.03,24,32888,625,0,0.8330062152010861,0,30,13481.98,False,True,False
793,126839,19.65,24,40789,694,0,0.2914151386760486,1,54,29656.77,False,True,False
287,105090,18.27,36,40789,694,0,0.2914151386760486,1,54,29656.77,False,True,False
271,125572,12.08,24,43861,690,0,0.3361602577445198,0,63,23239.09,False,True,False
799,157106,14.67,36,43745,733,0,0.3084692125826863,1,45,9183.92,False,True,False
40,17279,10.14,24,43745,733,0,0.3084692125826863,1,45,9183.92,False,True,False
10,441910,10.27,24,43745,733,0,0.3084692125826863,1,45,9183.92,False,True,False
747,44251,19.65,48,24733,593,0,0.0200459995325646,0,36,60780.92,False,True,False
694,7450,14.45,24,24733,593,0,0.0200459995325646,0,36,60780.92,False,True,False
195,32422,17.86,48,228382,677,0,0.5825689092148112,0,53,22407.98,True,False,False
767,40291,18.73,12,12540,602,1,0.8538659935252035,0,45,62454.65,False,True,False
238,39183,14.17,36,20672,527,0,0.5441831489768018,0,33,32970.270000000004,False,True,False
223,185941,13.8,48,20672,527,0,0.5441831489768018,0,33,32970.270000000004,False,True,False
88,61138,11.61,48,20672,527,0,0.5441831489768018,0,33,32970.270000000004,False,True,False
328,47398,14.55,12,22571,664,0,0.7254780340154869,0,58,17011.71,False,True,False
9,110330,16.38,36,43217,637,0,0.0810595638776031,0,38,27990.79,False,True,False
690,95519,15.75,48,172249,538,0,0.71645298155879,1,23,16415.19,False,False,True
433,207310,18.45,36,172249,538,0,0.71645298155879,1,23,16415.19,False,False,True
422,77369,18.48,24,172249,538,0,0.71645298155879,1,23,16415.19,False,False,True
23,11550,16.35,12,172249,538,0,0.71645298155879,1,23,16415.19,False,False,True
14,68426,18.19,48,172249,538,0,0.71645298155879,1,23,16415.19,False,False,True
757,36043,13.84,12,63151,550,1,0.2496247044105833,0,23,13898.56,False,True,False
530,147362,11.41,48,101612,468,0,0.8777129606969395,1,49,2454.23,False,False,True
19,280956,16.99,12,101612,468,0,0.8777129606969395,1,49,2454.23,False,False,True
784,35721,16.98,12,69136,610,0,0.8131499883638141,0,44,16802.27,False,True,False
612,136375,16.84,48,69136,610,0,0.8131499883638141,0,44,16802.27,False,True,False
29,111768,10.27,24,69136,610,0,0.8131499883638141,0,44,16802.27,False,True,False
36,397104,18.09,48,44965,717,0,0.8587423965133077,0,22,37595.97,False,True,False
41,35404,13.53,48,40040,670,0,0.2717075188540929,0,47,46563.28,False,True,False
512,255923,13.9,36,39836,524,0,0.6035857876582056,0,27,30764.190000000002,False,True,False
183,75111,15.19,24,13349,548,0,0.5036199379736014,0,53,23820.9,False,True,False
470,147351,12.37,12,292079,627,0,0.8670799971584237,0,25,3738.88,True,False,False
701,135118,12.28,36,59430,609,0,0.9715163568041392,1,45,45107.119999999995,False,True,False
622,247474,10.18,36,31045,709,0,0.2762389416231435,0,26,12961.730000000001,False,True,False
621,25084,17.84,24,61420,722,0,0.2252399023352462,0,27,22301.07,False,True,False
587,119979,10.94,48,61420,722,0,0.2252399023352462,0,27,22301.07,False,True,False
545,60359,13.3,36,61420,722,0,0.2252399023352462,0,27,22301.07,False,True,False
102,296051,15.94,24,61420,722,0,0.2252399023352462,0,27,22301.07,False,True,False
403,22344,12.09,48,68413,656,0,0.681460115425272,0,43,35108.26,False,True,False
349,13640,16.07,24,68413,656,0,0.681460115425272,0,43,35108.26,False,True,False
741,50095,17.16,36,34423,619,0,0.2536156276385641,0,32,39958.77,False,True,False
217,305425,11.92,12,34423,619,0,0.2536156276385641,0,32,39958.77,False,True,False
190,275490,11.67,36,34423,619,1,0.2536156276385641,0,32,39958.77,False,True,False
496,197421,12.04,48,21356,654,0,0.8837333888313869,0,37,21772.440000000002,False,True,False
334,6034,13.58,12,21356,654,0,0.8837333888313869,0,37,21772.440000000002,False,True,False
635,278530,10.64,24,209578,629,1,0.5614779437366768,0,54,0.0,True,False,False
42,42399,11.95,48,209578,629,0,0.5614779437366768,0,54,0.0,True,False,False
771,54751,13.31,24,47669,657,0,0.1859336408743845,1,30,14560.46,False,True,False
127,54557,17.3,12,47669,657,0,0.1859336408743845,1,30,14560.46,False,True,False
462,32518,13.08,48,13104,703,0,0.224369175698486,0,27,25477.37,False,True,False
466,123371,14.86,24,112558,643,0,0.4938491957081002,0,37,46918.28,False,False,True
331,210925,13.37,12,112558,643,0,0.4938491957081002,0,37,46918.28,False,False,True
602,34301,15.97,48,18313,624,0,0.9616020255748788,0,50,12833.589999999998,False,True,False
754,70018,16.7,24,38705,690,0,0.4883096428258451,0,41,30276.08,False,True,False
371,13581,17.11,48,12999,708,0,0.7483608334286197,0,47,30189.149999999998,False,True,False
691,40773,19.81,24,105565,566,0,0.7839285884528,0,24,34944.130000000005,False,False,True
94,20376,18.11,12,40791,623,1,0.959112291996294,0,28,2401.83,False,True,False
476,16186,18.34,48,143037,690,0,0.9310902905080148,1,62,20350.2,False,False,True
746,44498,15.73,24,81479,725,0,0.789379325603577,0,54,24962.000000000004,False,True,False
590,25211,11.14,24,15134,603,0,0.2740415897042758,0,60,15421.75,False,True,False
206,119242,12.88,24,15134,603,0,0.2740415897042758,0,60,15421.75,False,True,False
103,20593,18.99,24,15134,603,0,0.2740415897042758,0,60,15421.75,False,True,False
394,51800,12.84,12,5446,668,0,0.8459652560985333,0,39,19999.059999999998,False,True,False
654,138036,14.23,48,25587,729,0,0.4275057037133661,1,61,53292.72,False,True,False
135,195689,18.53,12,25587,729,0,0.4275057037133661,1,61,53292.72,False,True,False
562,168731,11.68,24,10753,593,0,0.4561587411198224,0,44,26677.81,False,True,False
752,23785,18.12,12,21340,575,0,0.0366296975988194,0,51,11657.22,False,True,False
575,47039,11.99,48,21340,575,0,0.0366296975988194,0,51,11657.22,False,True,False
472,28277,14.99,48,21340,575,0,0.0366296975988194,0,51,11657.22,False,True,False
525,129044,13.1,24,32606,828,0,0.292415083884248,0,37,10088.220000000001,False,True,False
606,13769,15.52,12,25289,627,0,0.7717829390683478,0,23,12228.66,False,True,False
78,33472,13.61,36,132081,703,0,0.7484063444050378,1,33,44195.659999999996,False,False,True
619,23776,10.27,24,29739,658,0,0.4589697180653488,0,58,17173.809999999998,False,True,False
478,190145,16.17,24,56980,591,0,0.6037442885632565,0,62,29110.71,False,True,False
293,85809,13.81,12,10657,642,0,0.1052651624804252,0,56,22197.67,False,True,False
298,88377,15.66,12,21428,693,0,0.5306951897635214,0,41,30274.44,False,True,False
363,64489,14.75,48,32775,638,0,0.5425754525355801,0,45,21889.72,False,True,False
176,136113,14.39,12,8394,803,0,0.8322391067084416,0,46,29090.149999999998,False,True,False
1,67273,13.24,12,8394,803,0,0.8322391067084416,0,46,29090.149999999998,False,True,False
222,27043,17.93,12,217192,624,0,0.7331530231065854,0,39,36461.32,True,False,False
114,74218,11.79,48,217192,624,0,0.7331530231065854,0,39,36461.32,True,False,False
264,13034,15.17,12,21316,666,1,0.0940598202285887,0,39,20371.559999999998,False,True,False
268,50065,15.8,12,6023,630,0,0.9513963724844156,1,23,57328.13,False,True,False
71,45441,14.92,48,8870,482,0,0.298039332094451,0,62,28873.28,False,True,False
769,110697,10.3,48,43639,659,0,0.4881044471013777,0,54,44122.46000000001,False,True,False
479,315684,19.55,48,43639,659,1,0.4881044471013777,0,54,44122.46000000001,False,True,False
15,45680,11.71,48,16772,665,1,0.63044811565799,0,35,31926.809999999998,False,True,False
703,474171,10.05,24,18347,501,0,0.7342720305307154,0,42,4491.65,False,True,False
573,28444,10.7,48,37664,739,0,0.3711060910995389,0,41,10392.49,False,True,False
240,43137,19.3,48,37664,739,0,0.3711060910995389,0,41,10392.49,False,True,False
598,31341,16.66,24,21921,615,1,0.7201016545391412,0,29,20142.520000000004,False,True,False
451,29931,10.5,36,75056,589,0,0.6759924897563402,1,28,40541.630000000005,False,True,False
291,81192,19.52,24,145082,659,0,0.444352196097495,0,51,5825.59,False,False,True
551,10924,13.68,12,26832,571,0,0.9439959067106114,0,59,39854.240000000005,False,True,False
167,162723,18.89,48,56242,656,0,0.0478388125070388,0,59,8873.750000000002,False,True,False
17,56068,14.86,36,29348,641,0,0.8501719452050476,0,29,12065.02,False,True,False
208,90383,13.62,36,20050,701,0,0.8104365856156253,0,55,10345.92,False,True,False
693,153464,13.56,24,58424,587,1,0.2313141822622935,0,51,33361.950000000004,False,True,False
27,13418,11.39,36,83463,647,0,0.7348505204996011,0,54,71986.56,False,True,False
63,11638,11.36,24,33664,567,0,0.3045753662885684,0,49,24886.28,False,True,False
467,14031,11.32,12,32145,646,0,0.7865258871035913,0,26,44354.189999999995,False,True,False
650,84927,13.05,12,7990,564,0,0.8476403295092552,0,38,11545.93,False,True,False
550,72261,17.73,48,7990,564,0,0.8476403295092552,0,38,11545.93,False,True,False
306,133301,18.58,48,7990,564,0,0.8476403295092552,0,38,11545.93,False,True,False
46,62377,17.8,12,7990,564,0,0.8476403295092552,0,38,11545.93,False,True,False
28,94105,18.53,24,28955,651,0,0.7715697260558262,0,49,46060.98999999999,False,True,False
549,20804,11.17,36,26562,664,0,0.8057468921781201,0,50,32634.600000000002,False,True,False
361,127918,17.28,36,34991,648,0,0.2958227185818631,0,56,1812.53,False,True,False
671,171242,19.53,48,27891,677,0,0.888209193214149,0,62,10476.2,False,True,False
245,52822,18.57,24,27421,561,0,0.8406036227731919,0,58,5184.530000000001,False,True,False
67,84984,10.11,12,27421,561,0,0.8406036227731919,0,58,5184.530000000001,False,True,False
526,93590,10.38,12,88072,658,0,0.472879322210545,0,45,17894.87,False,True,False
418,93865,14.36,36,20679,615,1,0.6385437274019135,0,52,31753.43,False,True,False
351,33560,19.44,12,20679,615,0,0.6385437274019135,0,52,31753.43,False,True,False
623,9428,15.95,48,23284,724,0,0.0505968536765817,0,56,28351.59,False,True,False
578,106583,14.74,36,23284,724,0,0.0505968536765817,0,56,28351.59,False,True,False
444,61277,14.77,36,53762,589,0,0.961631256625307,0,42,92708.40000000001,False,True,False
324,552844,16.97,48,53762,589,0,0.961631256625307,0,42,92708.40000000001,False,True,False
518,26264,12.66,36,22714,694,0,0.7295169285731221,0,24,42298.27,False,True,False
117,54721,13.15,24,22714,694,1,0.7295169285731221,0,24,42298.27,False,True,False
70,14569,18.28,24,144398,661,0,0.3728765092021778,0,63,19569.38,False,False,True
51,44197,11.28,24,21954,672,0,0.1455675098332357,0,52,31678.11,False,True,False
109,139462,16.42,12,25353,694,0,0.11267352663479,1,61,1719.15,False,True,False
48,37435,13.26,48,25353,694,0,0.11267352663479,1,61,1719.15,False,True,False
211,179342,18.83,12,89447,604,0,0.5768832749769458,0,45,8124.01,False,True,False
209,134221,12.99,48,23059,586,1,0.0409515321494797,0,53,42022.53,False,True,False
100,38151,17.55,12,23059,586,0,0.0409515321494797,0,53,42022.53,False,True,False
786,208076,14.57,36,62482,724,0,0.8863686470955409,0,44,7140.139999999999,False,True,False
301,95649,18.15,48,62482,724,1,0.8863686470955409,0,44,7140.139999999999,False,True,False
216,53133,11.53,48,62482,724,0,0.8863686470955409,0,44,7140.139999999999,False,True,False
157,28619,16.91,36,34946,605,0,0.8378732701193627,0,23,49416.69000000001,False,True,False
580,8586,16.96,48,102634,770,0,0.8827816996264968,0,48,20052.04,False,False,True
352,90360,10.23,36,39582,629,0,0.9220488021271072,0,63,16476.879999999997,False,True,False
794,50624,11.52,12,70775,655,0,0.1045278878756942,0,23,10218.61,False,True,False
367,93405,13.31,36,70775,655,0,0.1045278878756942,0,23,10218.61,False,True,False
555,207053,13.35,24,24446,644,1,0.128747202875713,0,47,10138.9,False,True,False
546,237574,17.86,36,20358,686,0,0.5570068063131286,0,38,12342.66,False,True,False
593,23965,12.17,12,65180,668,0,0.8939726684244292,0,61,49584.76,False,True,False
191,72935,15.56,24,65180,668,0,0.8939726684244292,0,61,49584.76,False,True,False
425,45720,19.48,36,51260,668,0,0.9743494565240308,0,54,42410.92999999999,False,True,False
201,31655,14.99,48,27585,531,0,0.3557740842006601,1,64,7687.1,False,True,False
226,75269,18.23,24,125413,729,0,0.2128942546599934,0,60,24016.97,False,False,True
600,81701,18.23,24,48194,661,0,0.6854405223712914,0,46,23979.0,False,True,False
454,104902,14.27,12,48194,661,0,0.6854405223712914,0,46,23979.0,False,True,False
416,28423,11.03,48,48194,661,0,0.6854405223712914,0,46,23979.0,False,True,False
413,64528,15.35,24,54281,613,0,0.0200527097840085,0,34,44689.64,False,True,False
199,63678,12.86,24,271695,586,0,0.5692813829505244,0,57,13553.38,True,False,False
242,108579,14.71,48,9651,652,0,0.8119091149599047,0,41,15597.21,False,True,False
465,192418,17.28,24,4988,515,0,0.7212872689738267,0,35,47116.95,False,True,False
678,126578,15.08,12,54779,837,0,0.156426918821619,0,33,3825.0999999999995,False,True,False
644,60550,15.01,12,10262,697,1,0.316598060410569,0,23,9777.150000000001,False,True,False
728,67230,12.97,36,22945,687,0,0.6712215563463176,0,53,8000.26,False,True,False
327,27081,12.88,36,22945,687,0,0.6712215563463176,0,53,8000.26,False,True,False
297,68656,15.44,12,22945,687,0,0.6712215563463176,0,53,8000.26,False,True,False
458,11095,19.15,24,91460,530,0,0.8357830708546012,0,46,55349.16999999999,False,True,False
696,21381,16.09,24,11353,756,0,0.415163586604104,0,43,21894.28,False,True,False
436,33222,16.0,24,174951,768,0,0.7648788300884687,0,43,31953.16,False,False,True
316,82556,13.45,24,174951,768,1,0.7648788300884687,0,43,31953.16,False,False,True
101,77099,14.97,24,174951,768,0,0.7648788300884687,0,43,31953.16,False,False,True
407,42016,15.44,36,174600,642,0,0.1746109169822619,0,63,18347.06,False,False,True
637,56406,16.24,24,26687,747,1,0.3222603938194847,0,27,34089.159999999996,False,True,False
537,31983,16.05,36,26687,747,0,0.3222603938194847,0,27,34089.159999999996,False,True,False
151,47335,11.29,12,26687,747,0,0.3222603938194847,0,27,34089.159999999996,False,True,False
553,48368,10.74,12,34275,594,0,0.9863281735601264,0,64,29913.34,False,True,False
633,19637,19.74,24,74716,572,0,0.512605053021588,0,58,25443.1,False,True,False
677,28335,15.99,48,100683,590,0,0.9342697914638768,0,54,23044.120000000003,False,False,True
720,60722,12.35,12,52854,589,0,0.2915881281611573,0,26,19163.27,False,True,False
469,103941,17.25,48,52854,589,0,0.2915881281611573,0,26,19163.27,False,True,False
235,40694,14.09,12,52854,589,0,0.2915881281611573,0,26,19163.27,False,True,False
129,42334,10.56,48,51501,682,0,0.9295057053681488,1,25,47439.62,False,True,False
432,57916,14.26,12,41365,725,0,0.1724463889738591,0,27,30617.93,False,True,False
155,80827,17.06,24,22301,751,0,0.4992429075247747,0,61,33023.28,False,True,False
33,102871,16.2,36,22301,751,0,0.4992429075247747,0,61,33023.28,False,True,False
563,54645,19.89,48,38177,734,0,0.1693964996315785,0,34,43996.57000000001,False,True,False
45,72751,11.63,24,19450,549,0,0.6208188035058918,0,63,7424.76,False,True,False
564,78961,14.53,12,60215,606,0,0.7383512771211947,0,38,12692.779999999999,False,True,False
369,74056,18.25,36,16597,671,0,0.1415212024499601,1,40,46247.240000000005,False,True,False
358,32913,12.85,24,16597,671,1,0.1415212024499601,1,40,46247.240000000005,False,True,False
13,18108,19.73,24,16597,671,0,0.1415212024499601,1,40,46247.240000000005,False,True,False
675,37797,12.31,36,48122,757,0,0.8824701949431355,0,49,23690.24,False,True,False
603,29882,12.77,12,48122,757,1,0.8824701949431355,0,49,23690.24,False,True,False
460,112238,10.28,36,48122,757,0,0.8824701949431355,0,49,23690.24,False,True,False
689,74011,19.33,36,40385,601,0,0.5823955084085031,0,47,11739.19,False,True,False
604,22291,17.33,36,10646,797,0,0.8447917378659114,0,44,18548.1,False,True,False
213,135332,17.47,24,10646,797,0,0.8447917378659114,0,44,18548.1,False,True,False
536,40408,12.4,24,72323,704,0,0.8975621934531601,1,30,6827.18,False,True,False
188,78110,20.0,48,27768,677,0,0.0999852474837766,0,22,16572.960000000003,False,True,False
179,103106,14.21,24,27768,677,1,0.0999852474837766,0,22,16572.960000000003,False,True,False
399,16485,18.95,12,250375,705,0,0.0335458714121578,0,55,6881.200000000001,True,False,False
231,110888,11.33,24,250375,705,0,0.0335458714121578,0,55,6881.200000000001,True,False,False
368,202347,16.03,12,22839,572,0,0.0065254104288869,0,37,16832.81,False,True,False
309,14397,12.83,12,22839,572,1,0.0065254104288869,0,37,16832.81,False,True,False
294,22354,17.92,24,22839,572,0,0.0065254104288869,0,37,16832.81,False,True,False
743,27772,12.57,12,30408,630,0,0.0158535453735669,0,26,7796.39,False,True,False
488,639357,18.42,48,30408,630,0,0.0158535453735669,0,26,7796.39,False,True,False
254,28255,17.06,24,30408,630,0,0.0158535453735669,0,26,7796.39,False,True,False
218,49126,11.06,36,30408,630,0,0.0158535453735669,0,26,7796.39,False,True,False
31,168663,11.16,48,30408,630,0,0.0158535453735669,0,26,7796.39,False,True,False
20,29755,15.47,36,13744,721,0,0.0919845106707999,0,43,32881.43,False,True,False
766,56491,14.58,48,127246,617,1,0.4371720495601772,0,24,3234.91,False,False,True
605,72092,17.23,36,127246,617,1,0.4371720495601772,0,24,3234.91,False,False,True
224,26173,15.76,12,28605,730,0,0.2794694412296485,0,33,32753.31,False,True,False
705,9527,12.96,36,205032,669,0,0.5818652665047078,0,47,17163.75,True,False,False
395,42601,16.53,12,205032,669,0,0.5818652665047078,0,47,17163.75,True,False,False
544,29223,14.61,48,10445,546,0,0.0553497892180951,0,37,13613.410000000002,False,True,False
329,11127,17.47,12,10445,546,0,0.0553497892180951,0,37,13613.410000000002,False,True,False
241,22474,12.85,48,84414,668,0,0.1445797102395847,0,58,6088.73,False,True,False
56,39052,10.8,24,84414,668,0,0.1445797102395847,0,58,6088.73,False,True,False
615,67486,12.34,48,30846,616,0,0.1421408535979177,0,50,23677.33,False,True,False
132,139721,18.02,48,30846,616,0,0.1421408535979177,0,50,23677.33,False,True,False
237,71073,12.16,48,31293,691,0,0.6397752015704224,0,35,43798.600000000006,False,True,False
144,90495,14.6,48,83634,590,0,0.0546846207533655,1,49,16530.77,False,True,False
640,65405,13.42,48,54436,640,0,0.4073822791191404,0,26,29486.44,False,True,False
625,203351,13.79,48,7347,726,0,0.1774094701211823,0,51,20591.739999999998,False,True,False
490,11126,11.88,36,12385,540,0,0.4215542482180342,0,47,39941.31,False,True,False
779,65945,19.72,36,27741,574,0,0.462687831687827,0,60,32572.98,False,True,False
373,174370,11.23,36,33745,579,0,0.1796453158641316,0,54,9182.82,False,True,False
212,313841,14.55,48,33745,579,0,0.1796453158641316,0,54,9182.82,False,True,False
723,82808,11.12,12,54297,661,1,0.9595942050277404,0,51,26058.16,False,True,False
303,125740,15.75,24,49357,665,0,0.3851626277725405,0,58,31549.82,False,True,False
164,27102,16.75,24,82873,679,0,0.3415696329442751,0,44,25461.88,False,True,False
229,130674,16.69,24,67137,627,1,0.5638670318917666,1,26,22548.370000000003,False,True,False
534,73475,13.99,24,435344,582,0,0.5164443419028215,0,57,40354.56,True,False,False
265,131317,12.08,24,435344,582,0,0.5164443419028215,0,57,40354.56,True,False,False
300,2694484,14.57,12,47950,715,0,0.7269779195284309,0,55,24682.34,False,True,False
494,66286,19.03,48,33986,689,0,0.6741976228649297,0,40,33896.729999999996,False,True,False
146,102141,18.72,36,134915,761,0,0.989736597712271,0,26,19879.7,False,False,True
673,42934,16.38,12,89934,713,1,0.4447558982020125,0,37,24520.309999999998,False,True,False
655,146634,19.2,36,98426,662,0,0.9214193348763275,0,23,2109.52,False,True,False
558,15691,11.9,12,32812,576,0,0.128624060439192,0,49,6245.08,False,True,False
73,30581,14.11,36,32812,576,0,0.128624060439192,0,49,6245.08,False,True,False
375,58597,12.26,36,136706,518,0,0.8893187599283195,0,41,6335.639999999999,False,False,True
560,221988,15.36,24,10589,566,0,0.5193976852834676,1,45,35243.0,False,True,False
396,136626,12.1,36,10589,566,0,0.5193976852834676,1,45,35243.0,False,True,False
47,131307,16.75,48,11986,662,0,0.5650325249759498,0,33,11028.82,False,True,False
55,121996,18.24,12,115318,682,0,0.6696839724632725,0,56,23900.120000000003,False,False,True
269,101493,12.72,48,4501,701,0,0.9613824701437153,0,54,13292.07,False,True,False
594,167837,13.53,48,49160,657,0,0.6026699609445051,0,54,18378.67,False,True,False
344,9080,14.84,36,49160,657,0,0.6026699609445051,0,54,18378.67,False,True,False
305,34393,13.85,12,33327,682,0,0.5594752594563462,0,64,21833.449999999997,False,True,False
424,76429,16.81,48,20155,713,0,0.0145341352659906,0,58,37364.65,False,True,False
508,174730,15.4,24,30947,620,0,0.080949702022356,0,33,18609.87,False,True,False
249,61727,10.73,48,30947,620,0,0.080949702022356,0,33,18609.87,False,True,False
248,111439,19.11,48,124717,638,0,0.9362403878072032,1,22,36507.72,False,False,True
521,44023,19.86,12,20981,603,0,0.9825789229922046,0,61,25365.64,False,True,False
262,26700,13.39,48,20981,603,0,0.9825789229922046,0,61,25365.64,False,True,False
500,30348,15.14,24,83919,637,0,0.6480316573308618,0,34,24209.920000000002,False,True,False
753,44631,18.41,12,28675,528,0,0.3387499042145072,0,33,21251.34,False,True,False
39,4767,10.39,12,9949,718,0,0.2985479259821639,0,56,62168.619999999995,False,True,False
480,186150,18.41,36,125091,628,0,0.9237431312666484,1,44,24833.109999999997,False,False,True
511,77606,18.52,36,19661,580,1,0.2298063414226651,0,38,15242.77,False,True,False
137,6907,18.08,48,19661,580,0,0.2298063414226651,0,38,15242.77,False,True,False
461,199939,19.63,12,80534,694,1,0.7495994411207623,0,50,13702.1,False,True,False
346,283201,16.97,48,7617,557,0,0.9326410625539846,0,31,6201.31,False,True,False
708,244241,15.56,12,17861,763,0,0.6324722024114774,0,47,19917.85,False,True,False
75,36741,12.22,48,13254,627,0,0.2868157472070312,0,28,2430.09,False,True,False
630,78499,12.48,24,12871,708,0,0.2936323917598742,0,25,24238.52,False,True,False
539,87222,16.31,24,12871,708,0,0.2936323917598742,0,25,24238.52,False,True,False
91,81184,10.92,48,12871,708,0,0.2936323917598742,0,25,24238.52,False,True,False
499,35527,16.12,24,120060,643,0,0.6789008422302074,1,46,12809.04,False,False,True
714,33125,12.94,36,41736,822,0,0.6035812471230626,0,58,15960.089999999998,False,True,False
198,60384,10.69,36,41736,822,0,0.6035812471230626,0,58,15960.089999999998,False,True,False
50,17965,14.44,12,41736,822,0,0.6035812471230626,0,58,15960.089999999998,False,True,False
165,34352,17.74,48,86816,580,0,0.9339513385827184,0,30,4726.37,False,True,False
276,27661,14.71,24,24024,720,0,0.203413002198315,0,45,17023.5,False,True,False
481,23661,10.62,36,37623,686,1,0.1468941639129327,0,56,7239.740000000001,False,True,False
382,25406,12.59,48,37623,686,0,0.1468941639129327,0,56,7239.740000000001,False,True,False
777,32418,12.18,48,13495,666,0,0.8558229071239036,0,56,2356.38,False,True,False
515,118028,17.9,12,13495,666,0,0.8558229071239036,0,56,2356.38,False,True,False
180,13905,14.86,36,13495,666,0,0.8558229071239036,0,56,2356.38,False,True,False
656,36084,16.42,24,60078,753,0,0.6809172126172515,0,57,26707.299999999996,False,True,False
186,49380,18.62,48,17945,670,1,0.8006639415253112,0,53,36807.07000000001,False,True,False
676,23273,10.06,48,175840,685,0,0.6705405065060909,0,44,46246.049999999996,False,False,True
359,3557,11.89,36,175840,685,0,0.6705405065060909,0,44,46246.049999999996,False,False,True
168,46425,17.95,24,50015,733,0,0.990712558623105,0,33,12243.16,False,True,False
699,91011,12.06,36,40881,632,0,0.2476170871747185,0,34,20191.469999999998,False,True,False
421,29876,10.3,36,40881,632,0,0.2476170871747185,0,34,20191.469999999998,False,True,False
516,104000,12.59,24,51138,693,0,0.8444023431905322,1,46,33166.79,False,True,False
196,288260,12.73,12,51138,693,0,0.8444023431905322,1,46,33166.79,False,True,False
60,98341,18.62,24,18995,759,0,0.4595022665703174,0,41,17403.640000000003,False,True,False
692,449126,19.91,36,22582,599,0,0.5866463277749251,0,43,13831.1,False,True,False
227,82103,17.36,48,33447,596,0,0.6243726979236103,0,34,28571.45,False,True,False
776,75832,18.98,24,35545,659,0,0.6532895409013626,0,40,27452.88,False,True,False
411,361901,13.73,36,35545,659,0,0.6532895409013626,0,40,27452.88,False,True,False
514,53130,10.11,36,61992,543,0,0.0703681079060293,1,57,25261.079999999998,False,True,False
275,38661,10.28,48,61992,543,0,0.0703681079060293,1,57,25261.079999999998,False,True,False
323,57188,16.7,12,24016,555,0,0.6310341757120489,0,33,35144.61,False,True,False
736,52100,16.45,12,54481,559,0,0.5409862355280837,0,40,39947.86,False,True,False
798,60875,11.81,24,42558,565,0,0.7152670825092443,1,33,56055.42999999999,False,True,False
299,47211,18.26,24,42558,565,1,0.7152670825092443,1,33,56055.42999999999,False,True,False
2,57792,17.24,36,42558,565,1,0.7152670825092443,1,33,56055.42999999999,False,True,False
554,78448,13.75,48,41961,590,0,0.8547406185919787,0,28,44635.64,False,True,False
119,256408,11.69,36,41961,590,0,0.8547406185919787,0,28,44635.64,False,True,False
83,54492,15.15,12,41961,590,0,0.8547406185919787,0,28,44635.64,False,True,False
317,82332,14.75,24,66263,701,0,0.9295830945975688,0,49,9146.15,False,True,False
18,21329,11.87,12,66263,701,0,0.9295830945975688,0,49,9146.15,False,True,False
387,262200,15.25,24,155173,784,0,0.4368600365571266,0,52,37503.56,False,False,True
266,51532,17.77,36,155173,784,0,0.4368600365571266,0,52,37503.56,False,False,True
153,54491,19.15,36,155173,784,0,0.4368600365571266,0,52,37503.56,False,False,True
246,173494,13.04,12,9988,721,0,0.1255241812278759,1,26,11473.26,False,True,False
325,62650,19.24,36,76481,659,0,0.8136157259807193,0,56,4216.12,False,True,False
280,34127,16.54,48,76481,659,0,0.8136157259807193,0,56,4216.12,False,True,False
143,200084,12.43,12,76481,659,0,0.8136157259807193,0,56,4216.12,False,True,False
485,18538,19.86,24,27788,686,0,0.0357662430149352,0,33,43831.86,False,True,False
163,16744,14.77,24,27962,730,0,0.2074694380588772,0,57,52557.26,False,True,False
32,18733,15.28,12,27962,730,0,0.2074694380588772,0,57,52557.26,False,True,False
491,51475,10.11,36,96621,584,1,0.9058501920987956,1,44,35893.88,False,True,False
459,19827,15.88,24,33215,671,0,0.4710837294839253,1,60,30726.7,False,True,False
194,108106,19.37,12,33215,671,0,0.4710837294839253,1,60,30726.7,False,True,False
401,96277,16.79,36,67120,660,0,0.4111489323401387,0,63,21686.92,False,True,False
774,20402,10.87,12,26551,818,0,0.7299932246449636,0,35,43906.72,False,True,False
24,33254,11.44,36,26551,818,1,0.7299932246449636,0,35,43906.72,False,True,False
251,77485,12.55,36,11211,662,0,0.1317437996319641,0,52,38241.31,False,True,False
790,170486,16.09,12,17688,619,0,0.680237753843783,0,26,29708.98,False,True,False
740,34698,13.89,48,17688,619,0,0.680237753843783,0,26,29708.98,False,True,False
497,126072,14.08,12,12426,660,0,0.8424569861184136,0,56,3287.79,False,True,False
124,283818,18.62,48,12426,660,0,0.8424569861184136,0,56,3287.79,False,True,False
680,24644,10.62,48,92184,651,0,0.2284715759170237,0,44,57353.49,False,True,False
628,55466,16.77,36,105925,663,0,0.8664274028987562,0,50,16512.21,False,False,True
509,131108,15.74,12,129197,538,0,0.0333231994395084,0,64,59279.59,False,False,True
152,49559,18.01,36,7218,740,0,0.9127873853865254,0,32,19566.13,False,True,False
35,242867,12.89,36,7218,740,0,0.9127873853865254,0,32,19566.13,False,True,False
6,35608,13.1,36,7218,740,0,0.9127873853865254,0,32,19566.13,False,True,False
795,204775,12.94,48,6496,696,0,0.8365523911696138,0,31,26124.539999999997,False,True,False
128,39592,12.88,24,30154,667,0,0.5709915713259784,0,28,12077.12,False,True,False
200,25692,10.93,12,52097,617,0,0.4078826101969831,0,34,42411.48999999999,False,True,False
182,6094,11.09,12,15690,710,0,0.6614478166131011,0,61,96800.81000000001,False,True,False
687,25983,13.09,48,36396,713,0,0.8819032847634595,0,63,31717.9,False,True,False
438,54262,10.07,24,36396,713,0,0.8819032847634595,0,63,31717.9,False,True,False
725,38790,16.93,36,59749,680,1,0.2898806795338596,0,48,6026.0,False,True,False
171,77935,11.21,36,39014,737,0,0.5748390378598749,0,26,44427.63,False,True,False
74,26541,13.46,48,39014,737,0,0.5748390378598749,0,26,44427.63,False,True,False
77,67607,16.96,48,32209,600,1,0.3746492190148287,0,58,17827.719999999998,False,True,False
503,10169,14.78,36,9823,654,1,0.1829353212842125,0,59,18241.4,False,True,False
272,102107,16.33,12,9823,654,0,0.1829353212842125,0,59,18241.4,False,True,False
683,185014,12.75,12,104298,531,0,0.7764868813156668,0,38,21128.339999999997,False,False,True
653,3597,16.1,12,104298,531,0,0.7764868813156668,0,38,21128.339999999997,False,False,True
25,44112,13.49,48,75606,601,0,0.3287742874925907,1,46,13706.589999999998,False,True,False
429,166883,19.34,48,31958,737,0,0.6108600835168504,0,25,29379.42,False,True,False
557,91184,19.86,24,14053,695,0,0.8712646852701572,0,57,12565.150000000001,False,True,False
532,232058,15.98,36,33607,669,0,0.4357343568433076,0,52,24874.45,False,True,False
136,92657,16.27,12,33607,669,0,0.4357343568433076,0,52,24874.45,False,True,False
104,32058,11.98,48,24997,638,0,0.3886322903988389,1,60,40666.840000000004,False,True,False
592,173857,14.47,48,52541,726,0,0.746670964786637,0,31,26858.11,False,True,False
569,90925,13.36,12,52541,726,0,0.746670964786637,0,31,26858.11,False,True,False
184,394340,13.68,12,52541,726,0,0.746670964786637,0,31,26858.11,False,True,False
16,29872,17.2,48,42850,646,0,0.5641947917987453,0,60,38098.060000000005,False,True,False
219,59566,13.1,12,259009,591,0,0.4941576035518044,1,24,17651.100000000002,True,False,False
782,10705,15.09,12,34437,573,0,0.5712139096147976,1,29,36750.37,False,True,False
523,33646,11.09,12,54766,646,0,0.7077839783624825,0,24,29374.219999999998,False,True,False
133,25338,16.16,48,77586,652,0,0.4830118555483786,0,34,42376.950000000004,False,True,False
58,24653,11.45,48,21382,693,0,0.8965042509589948,0,49,43460.14,False,True,False
221,47414,19.88,48,18805,634,0,0.982680048722434,0,46,30947.64,False,True,False
149,45751,13.41,24,32200,545,0,0.3991093505747292,1,54,444.75,False,True,False
342,28460,19.99,36,16294,591,0,0.3245541097309261,1,53,46066.72,False,True,False
289,49164,13.93,12,16294,591,0,0.3245541097309261,1,53,46066.72,False,True,False
187,164937,14.39,12,38360,760,0,0.7816870977663974,0,42,18791.350000000002,False,True,False
586,8509,16.4,24,278406,723,0,0.7589957624907276,0,37,12538.31,True,False,False
572,144506,13.27,36,278406,723,0,0.7589957624907276,0,37,12538.31,True,False,False
710,20695,11.45,48,57724,598,0,0.0446612163788987,0,32,46745.649999999994,False,True,False
702,82682,12.45,48,91908,723,0,0.3095593015130734,0,58,35858.96,False,True,False
145,704928,19.07,12,41823,689,0,0.0875755734161747,0,40,20967.51,False,True,False
763,633041,11.59,36,49023,674,1,0.7324414591304492,0,62,31063.379999999997,False,True,False
585,52374,11.95,24,49023,674,0,0.7324414591304492,0,62,31063.379999999997,False,True,False
463,15138,14.5,12,49023,674,0,0.7324414591304492,0,62,31063.379999999997,False,True,False
406,608001,11.56,24,49023,674,0,0.7324414591304492,0,62,31063.379999999997,False,True,False
613,52532,18.31,48,85466,611,0,0.4322131875850235,0,35,21085.579999999998,False,True,False
614,33975,13.33,36,17494,738,0,0.6797257960017582,0,36,24239.5,False,True,False
618,5539,14.1,36,74147,666,0,0.7689801952286295,0,22,51182.76,False,True,False
408,143930,12.74,48,74147,666,0,0.7689801952286295,0,22,51182.76,False,True,False
547,38626,10.94,24,62617,557,0,0.4728256248963024,0,37,85831.89,False,True,False
660,28151,10.16,36,25394,610,0,0.4362444483643173,1,33,47240.11,False,True,False
419,182168,14.06,24,25394,610,0,0.4362444483643173,1,33,47240.11,False,True,False
456,26993,17.84,48,22723,548,0,0.9719508452598056,0,31,34075.4,False,True,False
552,23478,18.65,24,34057,850,0,0.0375523200600456,0,53,16005.44,False,True,False
584,105294,16.81,48,87082,547,0,0.3160047228663938,0,37,40926.04,False,True,False
161,35194,17.12,12,15510,644,0,0.1058003594241399,0,33,24224.52,False,True,False
759,94863,19.22,12,20089,602,0,0.6285440308788611,0,45,189.42,False,True,False
302,66510,13.11,24,20089,602,0,0.6285440308788611,0,45,189.42,False,True,False
343,33891,17.74,48,56783,704,0,0.0950402406516194,0,49,2394.41,False,True,False
726,47884,12.73,36,14017,549,0,0.094953647418331,0,29,35778.78,False,True,False
608,149280,12.54,36,65342,521,1,0.7281833571884823,0,49,36773.1,False,True,False
426,11638,15.65,24,61919,593,0,0.9774229477137478,0,47,28548.539999999997,False,True,False
412,73177,11.41,48,61919,593,0,0.9774229477137478,0,47,28548.539999999997,False,True,False
288,37200,19.06,48,61919,593,0,0.9774229477137478,0,47,28548.539999999997,False,True,False
732,138889,18.26,24,10513,702,0,0.0373529364355549,0,29,17392.260000000002,False,True,False
667,120473,12.04,12,10513,702,0,0.0373529364355549,0,29,17392.260000000002,False,True,False
800,76842,15.69,24,22153,574,0,0.4451066637179941,0,49,4100.59,False,True,False
239,153727,13.79,48,165577,699,0,0.1131359376740236,0,49,56919.66,False,False,True
441,22801,15.1,48,142462,767,0,0.3513789667581086,0,58,14572.630000000001,False,False,True
434,377687,17.14,12,142462,767,0,0.3513789667581086,0,58,14572.630000000001,False,False,True
5,242960,13.22,36,26107,613,0,0.9982224506090506,1,62,30470.98,False,True,False
565,54340,11.26,12,49611,514,0,0.8888425117385318,0,57,14358.87,False,True,False
384,106311,19.53,36,49611,514,0,0.8888425117385318,0,57,14358.87,False,True,False
681,114136,14.54,48,95154,768,0,0.0483244088553969,0,48,5589.5,False,True,False
318,20001,14.04,12,95154,768,0,0.0483244088553969,0,48,5589.5,False,True,False
62,12563,11.04,36,19952,634,0,0.2095346239501256,0,54,44450.100000000006,False,True,False
704,149930,18.81,24,89730,749,0,0.9043811346655234,0,34,34873.92999999999,False,True,False
150,31268,16.82,48,143280,612,0,0.9688164414833766,1,49,23312.29,False,False,True
345,174825,10.1,24,13326,664,0,0.7897617737346345,0,34,34479.06,False,True,False
383,7500,18.42,12,30578,656,0,0.0789805993662317,0,26,35504.8,False,True,False
376,43445,18.21,24,30578,656,0,0.0789805993662317,0,26,35504.8,False,True,False
156,35705,11.48,12,70207,624,0,0.9137650033037986,0,51,23900.819999999996,False,True,False
65,61777,19.29,36,140324,586,0,0.8799295636383736,1,26,9209.84,False,False,True
657,29574,13.99,36,10610,702,1,0.7633076152122106,0,39,30787.199999999997,False,True,False
506,44409,15.19,12,12535,616,0,0.2612451324535824,0,32,63697.04,False,True,False
457,29938,11.29,24,39764,737,0,0.8978981047742521,0,47,21357.71,False,True,False
527,63130,15.11,12,72747,638,0,0.1285156684441164,0,46,22193.62,False,True,False
333,29659,18.99,24,63292,820,1,0.6041306288565351,0,34,19379.88,False,True,False
321,160510,11.83,48,63292,820,1,0.6041306288565351,0,34,19379.88,False,True,False
473,39952,18.03,24,27960,604,0,0.935815624111146,0,54,8855.35,False,True,False
400,198632,18.4,48,98647,745,1,0.084387947894987,1,62,13698.749999999998,False,True,False
348,124179,16.33,24,98647,745,0,0.084387947894987,1,62,13698.749999999998,False,True,False
307,145676,12.16,24,98647,745,0,0.084387947894987,1,62,13698.749999999998,False,True,False
389,121593,13.26,48,49359,608,0,0.0358927511889324,0,42,16517.73,False,True,False
66,30580,11.99,36,28976,634,0,0.3520165825018783,1,49,50125.21,False,True,False
661,81458,13.27,24,72566,608,0,0.4108090010096806,0,38,14692.170000000002,False,True,False
471,69632,11.38,48,66921,582,0,0.0183716545381044,0,26,49290.63,False,True,False
170,250424,15.74,48,67405,706,0,0.2705217801718466,1,52,16307.52,False,True,False
733,44193,13.64,24,14412,743,0,0.804725983741431,0,26,17997.01,False,True,False
679,866212,14.78,36,30053,753,0,0.6154909596667192,0,59,35484.66,False,True,False
53,8789,15.7,12,30053,753,0,0.6154909596667192,0,59,35484.66,False,True,False
22,5503,16.47,24,26446,616,0,0.7537806010864153,0,24,18169.11,False,True,False
501,9324,15.92,12,47501,666,0,0.30972922175133,0,58,34618.67,False,True,False
107,46096,18.23,48,47501,666,0,0.30972922175133,0,58,34618.67,False,True,False
398,8195,11.11,36,41123,610,1,0.4828100933283703,1,58,2633.0699999999997,False,True,False
519,64522,10.11,24,261081,701,0,0.3230710684057511,1,31,51707.56,True,False,False
203,48821,17.51,36,261081,701,0,0.3230710684057511,1,31,51707.56,True,False,False
445,210817,19.97,36,28777,606,0,0.838971096674068,0,31,14230.619999999999,False,True,False
531,53576,14.3,12,26205,623,0,0.2976737155928457,1,40,38651.56,False,True,False
517,32600,18.17,48,26205,623,0,0.2976737155928457,1,40,38651.56,False,True,False
304,35551,12.08,48,26205,623,0,0.2976737155928457,1,40,38651.56,False,True,False
236,56710,19.8,12,10611,617,0,0.1369822223095278,0,42,12329.59,False,True,False
645,129327,11.87,36,20436,759,0,0.9132997116000338,0,30,39918.29,False,True,False
252,86984,11.75,12,20436,759,0,0.9132997116000338,0,30,39918.29,False,True,False
339,85597,13.25,12,103575,625,1,0.6085831546399083,0,22,34379.93,False,False,True
220,262032,15.52,48,103575,625,0,0.6085831546399083,0,22,34379.93,False,False,True
98,37608,10.57,12,33623,614,0,0.6273965553158464,0,22,46834.49,False,True,False
214,70807,11.46,24,111486,659,0,0.2923910238477404,0,53,25680.78,False,False,True
92,79581,16.49,12,111486,659,0,0.2923910238477404,0,53,25680.78,False,False,True
44,84083,18.21,12,111486,659,1,0.2923910238477404,0,53,25680.78,False,False,True
662,134465,19.44,48,7367,627,0,0.7053066425359272,0,55,17820.89,False,True,False
487,136310,16.7,12,7367,627,0,0.7053066425359272,0,55,17820.89,False,True,False
243,392842,11.87,48,96246,811,0,0.7354365938921863,0,49,22851.23,False,True,False
718,526449,19.15,36,4855,683,0,0.3034962317890152,0,52,83235.53,False,True,False
474,194279,12.79,12,209719,585,0,0.991056508739087,0,60,18593.95,True,False,False
760,161040,14.92,12,20692,590,0,0.821078361998241,0,33,34998.659999999996,False,True,False
112,19357,10.87,48,20692,590,0,0.821078361998241,0,33,34998.659999999996,False,True,False
108,191643,18.5,12,20692,590,0,0.821078361998241,0,33,34998.659999999996,False,True,False
498,26368,17.81,12,51388,687,1,0.0923458389454322,1,22,4141.86,False,True,False
116,774827,13.95,12,57670,646,0,0.6740073564627111,0,26,12419.34,False,True,False
427,95954,13.97,48,25660,625,0,0.6728550378096911,0,51,1584.07,False,True,False
651,35662,14.02,48,38942,620,0,0.3988215269240573,0,44,18572.89,False,True,False
446,108125,14.08,48,38942,620,0,0.3988215269240573,0,44,18572.89,False,True,False
72,175506,16.42,24,56238,715,0,0.5221264934321769,0,36,11142.39,False,True,False
106,11219,16.91,48,64059,617,0,0.3004887586326389,0,42,16842.02,False,True,False
97,37210,17.32,12,64059,617,0,0.3004887586326389,0,42,16842.02,False,True,False
548,377698,19.75,48,16014,671,0,0.722943424389447,1,32,9096.35,False,True,False
716,179813,14.24,24,45685,600,0,0.2498537960783295,0,59,8627.32,False,True,False
629,232850,15.17,12,54623,518,0,0.5891563773937882,0,59,58290.590000000004,False,True,False
49,179151,15.47,36,80680,684,0,0.4544223191595411,1,55,37279.2,False,True,False
780,36079,18.27,36,34599,740,0,0.7451448098278204,0,39,11202.38,False,True,False
423,19643,13.26,48,15656,412,0,0.2135673003361923,1,51,9720.67,False,True,False
123,118349,17.69,36,15656,412,0,0.2135673003361923,1,51,9720.67,False,True,False
574,248559,18.9,12,10249,705,0,0.0106722878488341,1,36,4854.610000000001,False,True,False
330,100789,19.17,48,10249,705,0,0.0106722878488341,1,36,4854.610000000001,False,True,False
502,27945,10.96,36,37379,634,0,0.77655747178522,0,48,42598.35,False,True,False
267,104551,12.99,36,37379,634,0,0.77655747178522,0,48,42598.35,False,True,False
577,40558,13.5,12,44068,667,0,0.8216493338800724,0,55,32667.920000000002,False,True,False
449,263121,12.36,12,44068,667,0,0.8216493338800724,0,55,32667.920000000002,False,True,False
140,41129,10.75,12,44068,667,1,0.8216493338800724,0,55,32667.920000000002,False,True,False
528,40807,12.14,12,64900,725,0,0.6109075221583965,1,54,22793.65,False,True,False
484,15610,19.49,12,64900,725,0,0.6109075221583965,1,54,22793.65,False,True,False
647,41816,15.88,24,25155,675,0,0.3782067838730779,0,45,23194.16,False,True,False
263,57287,15.23,12,25155,675,0,0.3782067838730779,0,45,23194.16,False,True,False
290,26087,13.14,24,99225,587,0,0.8744145541964785,0,51,36394.99,False,True,False
158,74927,10.21,24,99225,587,0,0.8744145541964785,0,51,36394.99,False,True,False
745,68726,18.89,36,90688,781,1,0.8510037667972491,0,63,8010.880000000001,False,True,False
232,98794,12.0,36,7241,650,0,0.7772042473508521,1,38,30531.059999999998,False,True,False
755,58035,16.42,12,23153,810,0,0.2690522287421629,0,26,34499.57,False,True,False
576,7717,17.57,12,23153,810,0,0.2690522287421629,0,26,34499.57,False,True,False
261,112637,10.28,48,22442,784,0,0.8118896435683167,0,50,54333.57000000001,False,True,False
113,571517,17.62,12,22442,784,0,0.8118896435683167,0,50,54333.57000000001,False,True,False
338,41208,12.43,36,134805,525,0,0.5334784759062927,0,25,7526.93,False,False,True
372,259684,13.23,24,73547,646,0,0.9421579170299932,0,31,28816.309999999998,False,True,False
90,21457,15.76,12,73547,646,0,0.9421579170299932,0,31,28816.309999999998,False,True,False
567,28462,12.68,12,19617,723,0,0.7441266857143702,0,45,3622.23,False,True,False
542,359673,12.1,12,76865,717,0,0.2713881882367648,0,55,36345.06,False,True,False
69,101956,10.3,36,122646,610,0,0.4716085707410923,0,27,15461.699999999999,False,False,True
322,56220,13.66,48,13101,595,0,0.7109879414636829,0,23,8244.98,False,True,False
210,221251,16.34,12,13101,595,1,0.7109879414636829,0,23,8244.98,False,True,False
234,40248,18.5,12,20716,637,0,0.7058824446817216,0,64,44454.84,False,True,False
388,15042,10.69,48,53772,555,0,0.9116386897353036,1,32,20275.03,False,True,False
225,89663,16.23,12,52917,622,0,0.7738007485690339,0,37,90156.02000000002,False,True,False
541,105498,12.86,24,65126,620,0,0.3583625356578285,0,52,15294.369999999999,False,True,False
566,57210,12.15,48,25693,646,0,0.1831982451266348,0,32,12187.36,False,True,False
173,114787,18.2,36,104994,633,0,0.6427736616182925,0,37,11226.81,False,False,True
131,31590,16.49,24,104994,633,0,0.6427736616182925,0,37,11226.81,False,False,True
775,35509,10.04,36,7667,642,0,0.1226280499780065,0,61,35138.95,False,True,False
377,59473,10.43,12,7667,642,0,0.1226280499780065,0,61,35138.95,False,True,False
543,30943,15.41,36,314824,699,0,0.4334636997331237,0,25,72074.21,True,False,False
204,63725,10.6,48,30147,599,0,0.1531348006044038,0,53,17820.800000000003,False,True,False
522,22418,13.2,24,10655,614,1,0.1298988045368108,0,42,9402.04,False,True,False
4,13712,15.88,48,10655,614,0,0.1298988045368108,0,42,9402.04,False,True,False
354,44175,14.1,12,50664,610,0,0.0691741905054171,0,39,25121.120000000003,False,True,False
233,82119,16.89,48,25639,696,0,0.5551597297901548,1,43,37320.15,False,True,False
610,35340,11.45,12,12753,638,0,0.5328764346967474,1,27,35987.95,False,True,False
250,4196,17.56,12,9006,678,0,0.9310259929750676,1,22,7603.04,False,True,False
228,5325,15.69,48,9006,678,0,0.9310259929750676,1,22,7603.04,False,True,False
172,91173,11.66,36,9006,678,1,0.9310259929750676,1,22,7603.04,False,True,False
489,46148,12.34,36,56560,584,0,0.7776803762748927,0,33,8828.86,False,True,False
43,27125,12.68,24,33079,548,0,0.8503769192997056,1,30,44337.270000000004,False,True,False
695,52949,19.59,48,52682,662,0,0.2297023153621343,0,47,30062.769999999997,False,True,False
791,50240,10.71,12,47105,769,0,0.3726051035770797,0,51,18323.699999999997,False,True,False
749,123310,14.6,36,31780,658,0,0.2303428321023511,0,64,88859.08,False,True,False
730,82080,12.91,24,31780,658,0,0.2303428321023511,0,64,88859.08,False,True,False
648,34268,15.06,48,31780,658,0,0.2303428321023511,0,64,88859.08,False,True,False
540,20894,11.59,24,69365,706,0,0.5610068364149208,0,38,50347.82,False,True,False
278,130660,15.85,12,69365,706,0,0.5610068364149208,0,38,50347.82,False,True,False
770,51609,16.06,24,103717,680,0,0.91344469847559,1,22,6436.12,False,False,True
362,287436,12.4,12,103717,680,0,0.91344469847559,1,22,6436.12,False,False,True
120,5941,12.94,24,103717,680,0,0.91344469847559,1,22,6436.12,False,False,True
627,360169,14.28,36,17000,566,0,0.4092254801917959,0,29,25196.14,False,True,False
452,123304,10.23,12,48686,773,0,0.113462191706574,0,36,30022.93,False,True,False
616,48775,18.33,12,81527,587,0,0.8073456212003686,0,35,36874.6,False,True,False
279,62177,14.08,12,22393,793,0,0.3861559185938211,0,49,13191.17,False,True,False
643,29985,18.8,36,34178,703,1,0.9543969020334744,0,44,39168.34,False,True,False
374,215897,15.46,12,34178,703,0,0.9543969020334744,0,44,39168.34,False,True,False
379,46151,15.21,24,57543,751,1,0.9623007491122398,0,45,37239.75,False,True,False
296,70891,11.76,24,42134,799,0,0.197473583685683,0,47,22447.24,False,True,False
257,36951,19.09,12,35789,773,0,0.6847731582791985,0,28,25132.530000000002,False,True,False
443,141602,13.42,12,94431,661,0,0.7864830342959059,0,44,6191.96,False,True,False
59,15597,18.31,24,94431,661,0,0.7864830342959059,0,44,6191.96,False,True,False
762,7508,13.77,36,98245,640,0,0.0180602197599605,0,64,13075.3,False,True,False
386,18948,17.61,36,19180,559,0,0.3310162594948949,1,59,6858.05,False,True,False
30,117823,11.03,12,32345,685,0,0.7403030598990841,0,56,40020.46000000001,False,True,False
111,31767,17.01,48,77559,691,0,0.3127607274218159,0,36,33737.15,False,True,False
326,53274,18.82,48,37342,740,0,0.8268071127810328,0,46,12396.580000000002,False,True,False
270,57176,14.25,36,37342,740,0,0.8268071127810328,0,46,12396.580000000002,False,True,False
721,75358,18.09,48,57494,700,0,0.0288363269217053,0,60,72008.51,False,True,False
311,83252,11.1,24,57494,700,0,0.0288363269217053,0,60,72008.51,False,True,False
668,65300,12.48,48,34253,591,0,0.2623049313844395,0,46,1221.11,False,True,False
390,127705,10.87,24,16120,797,0,0.5201829357323937,0,41,27229.079999999998,False,True,False
385,129071,14.99,12,48601,670,0,0.7906029647697553,1,24,1353.64,False,True,False
215,37321,18.95,24,48601,670,0,0.7906029647697553,1,24,1353.64,False,True,False
742,20892,11.65,36,42674,744,0,0.3105770155507873,1,39,20213.85,False,True,False
286,78878,12.14,24,6610,543,0,0.6909513662679558,0,43,22864.69,False,True,False
409,382652,12.22,12,27033,722,0,0.8753712633272331,1,29,5805.209999999999,False,True,False
357,130994,10.1,48,27033,722,0,0.8753712633272331,1,29,5805.209999999999,False,True,False
685,196848,13.33,36,186164,518,0,0.5511413361947338,0,62,10060.15,False,False,True
121,79890,10.2,36,186164,518,0,0.5511413361947338,0,62,10060.15,False,False,True
370,63978,10.94,48,13767,682,0,0.7086808385119051,0,58,15974.32,False,True,False
260,20010,14.97,24,13767,682,0,0.7086808385119051,0,58,15974.32,False,True,False
332,213287,14.44,12,90074,555,0,0.1144381635168481,0,27,27293.17,False,True,False
599,29112,11.03,24,56363,739,0,0.7812569537828522,0,55,7534.6900000000005,False,True,False
192,47466,12.26,12,199417,703,0,0.3659194354135754,0,27,29301.309999999998,False,False,True
169,15927,16.95,24,48922,640,0,0.6722006635651122,0,54,31801.82,False,True,False
722,86236,18.34,48,130522,481,0,0.1967587776716556,1,43,24946.48,False,False,True
738,15636,13.27,24,89307,714,0,0.8956529195831768,0,42,43091.509999999995,False,True,False
682,69827,12.88,12,89307,714,0,0.8956529195831768,0,42,43091.509999999995,False,True,False
420,20999,12.32,24,89307,714,0,0.8956529195831768,0,42,43091.509999999995,False,True,False
448,42007,16.14,36,9191,475,0,0.4995487012863752,1,25,16201.210000000003,False,True,False
34,349815,14.04,48,9191,475,0,0.4995487012863752,1,25,16201.210000000003,False,True,False
620,5655,16.95,48,46687,597,0,0.1261950910262366,0,32,5449.38,False,True,False
350,51969,14.81,48,22433,553,0,0.6778949184960879,0,51,23586.96,False,True,False
273,72856,14.26,36,22433,553,0,0.6778949184960879,0,51,23586.96,False,True,False
26,122931,15.86,12,22433,553,0,0.6778949184960879,0,51,23586.96,False,True,False
85,26904,18.28,36,35928,608,0,0.4800901422400464,0,45,13577.57,False,True,False
698,6507,16.89,48,17117,745,0,0.937741654934822,0,52,50922.83,False,True,False
292,46937,16.28,36,17117,745,0,0.937741654934822,0,52,50922.83,False,True,False
284,60230,17.53,36,118480,673,0,0.091251659119048,0,61,5863.66,False,False,True
355,112240,17.14,12,24426,712,0,0.0195026476105202,0,58,44958.37,False,True,False
561,168978,11.54,48,31480,622,0,0.6508663952541407,0,23,39445.5,False,True,False
700,67732,13.39,36,13847,650,0,0.6593503030992501,1,32,24613.27,False,True,False
8,142206,19.33,12,13847,650,0,0.6593503030992501,1,32,24613.27,False,True,False
477,329874,11.48,24,27330,533,0,0.1980309466310936,0,27,47630.219999999994,False,True,False
310,52765,10.34,48,59171,763,0,0.1341196227097901,0,51,45500.24,False,True,False
758,92555,18.33,48,31009,647,0,0.8682970181613279,0,23,10181.13,False,True,False
80,195891,10.01,36,62896,709,0,0.2047139475951013,0,47,3564.84,False,True,False
764,59349,15.87,36,38811,738,0,0.0197257464631754,0,41,18226.59,False,True,False
796,39628,17.68,48,46885,704,0,0.6951964597032112,0,41,9946.65,False,True,False
504,152295,19.92,36,67444,536,0,0.1202509865707346,0,33,12771.32,False,True,False
162,677420,16.41,24,89120,674,0,0.2307342766061187,1,22,43596.7,False,True,False
717,7804,13.14,36,60318,630,0,0.3507372984043088,0,47,10674.65,False,True,False
440,46425,11.23,12,53115,660,1,0.7577349445022937,0,35,23919.36,False,True,False
431,29398,16.65,12,43704,657,0,0.5824009648679398,0,59,52519.5,False,True,False
493,41601,18.99,36,28851,693,0,0.5670123254201722,0,32,14412.630000000001,False,True,False
589,272000,15.13,48,95663,689,0,0.0028421536639724,0,34,0.0,False,True,False
442,158834,13.36,36,25172,551,0,0.1109202308748065,0,24,19438.28,False,True,False
507,73474,12.96,48,27277,595,0,0.4062490959769048,0,54,2273.85,False,True,False
659,24099,19.05,36,26497,598,1,0.7710383702448548,0,27,36775.3,False,True,False
126,383324,14.16,36,26122,573,0,0.4352307180094239,0,31,21117.35,False,True,False
670,72954,11.58,36,11434,616,0,0.946842551667516,0,26,48365.00000000001,False,True,False
277,249869,11.83,24,23619,627,0,0.9809863027986832,0,34,41515.37,False,True,False
583,22664,12.42,12,65343,484,0,0.8981238347128787,1,23,6858.389999999999,False,True,False
178,81361,13.27,36,65343,484,0,0.8981238347128787,1,23,6858.389999999999,False,True,False
205,12208,13.4,12,16404,576,0,0.7316043405194683,1,41,36587.68,False,True,False
259,170472,12.72,36,131254,596,0,0.68864505226439,0,30,7278.299999999999,False,False,True
639,90927,11.04,24,126749,753,0,0.9786540813379648,0,38,39880.22,False,False,True
335,84059,14.81,24,126749,753,0,0.9786540813379648,0,38,39880.22,False,False,True
122,139029,14.73,36,126749,753,0,0.9786540813379648,0,38,39880.22,False,False,True
89,11954,18.21,24,49449,620,0,0.9287293692773356,0,32,20673.440000000002,False,True,False
688,30332,19.79,48,85312,693,0,0.8043047129555168,0,36,74444.57,False,True,False
185,29965,19.9,24,71586,678,0,0.1631146751166787,0,45,15713.599999999999,False,True,False
378,327525,10.99,12,103284,661,0,0.3418656017623503,0,56,12761.039999999999,False,False,True
258,29121,17.31,36,103284,661,0,0.3418656017623503,0,56,12761.039999999999,False,False,True
674,194476,19.54,12,17612,676,0,0.1682604443380041,1,51,13080.42,False,True,False
435,108344,12.83,12,28496,521,0,0.5816513326730067,0,52,20476.809999999998,False,True,False
110,195296,18.33,24,28496,521,0,0.5816513326730067,0,52,20476.809999999998,False,True,False
11,22807,16.62,36,17995,580,0,0.9754505241349511,1,26,20392.42,False,True,False
464,186808,12.84,36,67913,525,0,0.7614588334361586,0,35,57563.310000000005,False,True,False
684,113139,12.22,48,31666,674,0,0.0045044809802886,0,30,21969.969999999998,False,True,False
141,45550,11.77,12,31666,674,0,0.0045044809802886,0,30,21969.969999999998,False,True,False
591,47427,16.49,12,59524,671,1,0.3132760111381787,0,55,26214.529999999995,False,True,False
314,25563,16.54,24,63487,588,0,0.5267592876922153,0,33,20914.34,False,True,False
283,378211,17.87,36,63487,588,0,0.5267592876922153,0,33,20914.34,False,True,False
520,9044,11.55,24,17576,581,0,0.3242508738519706,0,56,27436.059999999998,False,True,False
79,7944,13.21,12,17576,581,0,0.3242508738519706,0,56,27436.059999999998,False,True,False
513,65849,15.16,12,37757,758,0,0.6603868382008886,0,58,22103.949999999997,False,True,False
797,33847,14.1,12,18319,665,0,0.4532616833817231,0,51,8081.13,False,True,False
778,37214,14.26,24,18319,665,0,0.4532616833817231,0,51,8081.13,False,True,False
787,83954,11.76,48,140026,687,0,0.6843286504552667,0,56,55926.36,False,False,True
713,132876,15.63,12,138572,675,0,0.3599140362153634,0,42,15692.3,False,False,True
404,92859,18.59,24,51177,590,0,0.6678062199866169,0,58,45842.810000000005,False,True,False
115,11939,12.37,36,51177,590,0,0.6678062199866169,0,58,45842.810000000005,False,True,False
642,113448,18.36,48,42524,770,1,0.0405959853023734,0,26,31768.879999999997,False,True,False
274,24339,10.16,48,42524,770,1,0.0405959853023734,0,26,31768.879999999997,False,True,False
138,25493,17.74,24,42524,770,0,0.0405959853023734,0,26,31768.879999999997,False,True,False
641,41287,11.34,48,55436,695,0,0.7908496776331791,0,35,36384.3,False,True,False
596,81943,10.92,12,20888,687,0,0.8030060304590013,0,47,9572.42,False,True,False
82,69499,16.23,12,6130,512,0,0.7161487788756946,0,25,32009.370000000003,False,True,False
735,103987,14.68,48,47362,671,0,0.1033780072019598,0,39,48853.369999999995,False,True,False
588,71311,16.2,12,47362,671,0,0.1033780072019598,0,39,48853.369999999995,False,True,False
788,18252,14.65,24,24602,703,0,0.1806626989024093,1,61,15125.029999999999,False,True,False
147,104039,17.19,36,29161,674,0,0.3276549636836156,0,60,19001.64,False,True,False
282,67675,15.29,36,34787,578,1,0.4976879595477721,0,35,49096.16999999999,False,True,False
482,83283,13.2,12,69589,652,0,0.4760207068801199,0,53,15659.33,False,True,False
437,61858,14.3,12,69589,652,0,0.4760207068801199,0,53,15659.33,False,True,False
711,17130,11.0,12,16928,702,0,0.9015056194513033,1,59,2189.18,False,True,False
130,236486,16.76,48,16928,702,0,0.9015056194513033,1,59,2189.18,False,True,False
181,21323,19.29,36,16934,727,0,0.0347399474447814,0,54,28172.62,False,True,False
495,31505,11.28,24,7713,743,0,0.5966578919970902,0,36,40817.89,False,True,False
492,139171,14.12,48,24731,679,0,0.6048017618439638,0,54,49871.05999999999,False,True,False
697,402835,12.13,48,64297,710,0,0.4801262290142092,0,46,25992.579999999998,False,True,False
579,65004,12.91,12,41736,715,1,0.8156655408146337,0,38,22685.21,False,True,False
360,179671,11.67,12,41736,715,0,0.8156655408146337,0,38,22685.21,False,True,False
21,33821,10.3,36,31716,634,0,0.0627221714144588,0,54,10179.43,False,True,False
68,82090,13.31,24,7644,674,0,0.1337606950770021,0,61,16797.760000000002,False,True,False
189,22613,15.14,48,67980,690,0,0.8857019135404777,0,61,16178.079999999998,False,True,False
634,118154,13.8,36,85553,723,0,0.6492287795409635,0,60,13102.03,False,True,False
597,50760,19.58,24,20281,707,0,0.1635456868241392,1,27,1889.41,False,True,False
582,67963,12.86,48,20281,707,0,0.1635456868241392,1,27,1889.41,False,True,False
483,109479,11.42,24,20281,707,0,0.1635456868241392,1,27,1889.41,False,True,False
510,444497,15.77,36,30043,643,0,0.1411096483326492,0,24,26297.920000000002,False,True,False
570,160379,14.55,48,140352,630,0,0.1792962352600484,0,29,91756.87999999999,False,False,True
12,23443,14.47,36,26862,523,0,0.0251397257563141,0,36,39350.689999999995,False,True,False
768,26404,10.86,24,56048,743,0,0.7229306722386036,0,50,35981.36,False,True,False
405,202588,11.22,12,56048,743,0,0.7229306722386036,0,50,35981.36,False,True,False
734,109341,13.48,36,50346,620,0,0.7968481767721232,1,51,10607.76,False,True,False
663,82279,16.54,36,50346,620,0,0.7968481767721232,1,51,10607.76,False,True,False
393,174010,16.36,24,36179,472,0,0.1275681513642842,0,60,18482.4,False,True,False
381,51683,17.3,48,36179,472,1,0.1275681513642842,0,60,18482.4,False,True,False
118,3142,13.22,36,20689,636,0,0.67227882947408,1,57,10128.16,False,True,False
295,94440,13.04,12,23252,587,0,0.8975286223768645,0,50,44705.409999999996,False,True,False
712,173060,14.38,12,15502,602,0,0.4471605045306636,0,59,19109.329999999998,False,True,False
285,199171,19.22,24,15502,602,0,0.4471605045306636,0,59,19109.329999999998,False,True,False
686,80188,13.53,24,52891,660,0,0.8363842356312257,0,25,13516.08,False,True,False
486,125919,12.35,12,52891,660,0,0.8363842356312257,0,25,13516.08,False,True,False
450,41745,11.06,48,168008,732,0,0.8301925630695713,0,43,17383.010000000002,False,False,True
505,164863,10.88,24,81605,647,0,0.956132856342369,0,23,68187.18000000001,False,True,False
96,8695,16.0,48,81605,647,0,0.956132856342369,0,23,68187.18000000001,False,True,False
