customer_id,age,income,credit_score,is_diaspora,segment,preferred_currency,created_at,updated_at
1,60,135087,666,False,Middle Class,KES,2025-01-01,2025-01-01
2,50,35205,750,False,Low Income,KES,2025-01-01,2025-01-01
3,36,38934,556,False,Low Income,KES,2025-01-01,2025-01-01
4,64,17019,688,False,Low Income,KES,2025-01-01,2025-01-01
5,29,19466,633,True,Low Income,KES,2025-01-01,2025-01-01
6,42,6265,730,False,Low Income,KES,2025-01-01,2025-01-01
7,60,37953,678,True,Low Income,KES,2025-01-01,2025-01-01
8,40,269561,588,False,High Net Worth,KES,2025-01-01,2025-01-01
9,44,16076,635,False,Low Income,USD,2025-01-01,2025-01-01
10,32,392761,640,False,High Net Worth,EUR,2025-01-01,2025-01-01
11,32,112577,641,False,Middle Class,KES,2025-01-01,2025-01-01
12,45,24862,728,False,Low Income,KES,2025-01-01,2025-01-01
13,57,37116,591,True,Low Income,KES,2025-01-01,2025-01-01
14,61,32595,720,False,Low Income,KES,2025-01-01,2025-01-01
15,45,142191,628,False,Middle Class,KES,2025-01-01,2025-01-01
16,24,54918,665,False,Low Income,GBP,2025-01-01,2025-01-01
17,43,93487,655,False,Low Income,KES,2025-01-01,2025-01-01
18,23,48365,648,False,Low Income,KES,2025-01-01,2025-01-01
19,45,33203,649,False,Low Income,KES,2025-01-01,2025-01-01
20,51,47152,752,False,Low Income,USD,2025-01-01,2025-01-01
21,59,26224,708,True,Low Income,KES,2025-01-01,2025-01-01
22,23,11364,624,True,Low Income,KES,2025-01-01,2025-01-01
23,42,69630,760,True,Low Income,GBP,2025-01-01,2025-01-01
24,54,10927,669,False,Low Income,KES,2025-01-01,2025-01-01
25,33,29287,675,False,Low Income,USD,2025-01-01,2025-01-01
26,43,25542,591,False,Low Income,KES,2025-01-01,2025-01-01
27,46,60759,615,False,Low Income,USD,2025-01-01,2025-01-01
28,48,126977,601,False,Middle Class,KES,2025-01-01,2025-01-01
29,63,95222,656,False,Low Income,KES,2025-01-01,2025-01-01
30,49,62189,694,False,Low Income,USD,2025-01-01,2025-01-01
31,37,21940,675,True,Low Income,KES,2025-01-01,2025-01-01
32,36,31357,761,False,Low Income,KES,2025-01-01,2025-01-01
33,24,27905,587,False,Low Income,KES,2025-01-01,2025-01-01
34,58,24928,658,False,Low Income,KES,2025-01-01,2025-01-01
35,28,26318,560,False,Low Income,KES,2025-01-01,2025-01-01
36,42,25762,585,False,Low Income,KES,2025-01-01,2025-01-01
37,30,24866,738,False,Low Income,KES,2025-01-01,2025-01-01
38,60,77769,617,False,Low Income,KES,2025-01-01,2025-01-01
39,39,15619,593,False,Low Income,KES,2025-01-01,2025-01-01
40,25,20260,500,False,Low Income,KES,2025-01-01,2025-01-01
41,46,10231,593,False,Low Income,USD,2025-01-01,2025-01-01
42,35,112688,635,False,Middle Class,EUR,2025-01-01,2025-01-01
43,30,19202,554,False,Low Income,USD,2025-01-01,2025-01-01
44,47,61612,631,False,Low Income,KES,2025-01-01,2025-01-01
45,23,53117,738,False,Low Income,KES,2025-01-01,2025-01-01
46,41,104304,600,False,Middle Class,KES,2025-01-01,2025-01-01
47,49,30699,583,False,Low Income,KES,2025-01-01,2025-01-01
48,28,17017,571,False,Low Income,KES,2025-01-01,2025-01-01
49,29,10460,570,False,Low Income,KES,2025-01-01,2025-01-01
50,56,3913,687,False,Low Income,KES,2025-01-01,2025-01-01
51,35,41319,653,False,Low Income,EUR,2025-01-01,2025-01-01
52,38,67533,716,False,Low Income,KES,2025-01-01,2025-01-01
53,57,52963,791,False,Low Income,KES,2025-01-01,2025-01-01
54,61,10680,521,False,Low Income,KES,2025-01-01,2025-01-01
55,25,83371,676,False,Low Income,KES,2025-01-01,2025-01-01
56,23,20773,571,False,Low Income,USD,2025-01-01,2025-01-01
57,27,17579,705,False,Low Income,KES,2025-01-01,2025-01-01
58,63,20404,630,False,Low Income,KES,2025-01-01,2025-01-01
59,25,38666,651,True,Low Income,KES,2025-01-01,2025-01-01
60,50,11072,560,False,Low Income,KES,2025-01-01,2025-01-01
61,39,35255,620,False,Low Income,KES,2025-01-01,2025-01-01
62,47,51203,656,False,Low Income,USD,2025-01-01,2025-01-01
63,55,88067,744,False,Low Income,USD,2025-01-01,2025-01-01
64,31,41804,594,False,Low Income,USD,2025-01-01,2025-01-01
65,57,12435,611,False,Low Income,KES,2025-01-01,2025-01-01
66,35,40909,716,False,Low Income,USD,2025-01-01,2025-01-01
67,52,15549,589,False,Low Income,KES,2025-01-01,2025-01-01
68,36,14848,729,False,Low Income,KES,2025-01-01,2025-01-01
69,29,12207,649,False,Low Income,KES,2025-01-01,2025-01-01
70,35,7871,671,False,Low Income,KES,2025-01-01,2025-01-01
71,44,23069,675,False,Low Income,KES,2025-01-01,2025-01-01
72,61,89600,606,False,Low Income,USD,2025-01-01,2025-01-01
73,42,220838,677,False,High Net Worth,KES,2025-01-01,2025-01-01
74,37,22951,595,False,Low Income,KES,2025-01-01,2025-01-01
75,39,86585,614,True,Low Income,KES,2025-01-01,2025-01-01
76,45,26485,689,False,Low Income,USD,2025-01-01,2025-01-01
77,47,9695,670,False,Low Income,GBP,2025-01-01,2025-01-01
78,46,63624,644,False,Low Income,USD,2025-01-01,2025-01-01
79,62,43820,561,False,Low Income,KES,2025-01-01,2025-01-01
80,50,155502,579,False,Middle Class,KES,2025-01-01,2025-01-01
81,36,10638,669,False,Low Income,KES,2025-01-01,2025-01-01
82,22,340042,701,False,High Net Worth,KES,2025-01-01,2025-01-01
83,46,129751,572,False,Middle Class,KES,2025-01-01,2025-01-01
84,28,35798,591,False,Low Income,KES,2025-01-01,2025-01-01
85,30,28597,659,False,Low Income,KES,2025-01-01,2025-01-01
86,45,20483,657,False,Low Income,GBP,2025-01-01,2025-01-01
87,22,39647,536,False,Low Income,KES,2025-01-01,2025-01-01
88,29,31346,661,False,Low Income,KES,2025-01-01,2025-01-01
89,45,54777,608,False,Low Income,KES,2025-01-01,2025-01-01
90,32,28695,764,False,Low Income,EUR,2025-01-01,2025-01-01
91,38,112642,667,False,Middle Class,USD,2025-01-01,2025-01-01
92,29,40136,679,False,Low Income,USD,2025-01-01,2025-01-01
93,56,29570,681,False,Low Income,EUR,2025-01-01,2025-01-01
94,56,82407,565,False,Low Income,KES,2025-01-01,2025-01-01
95,54,9916,786,False,Low Income,KES,2025-01-01,2025-01-01
96,26,47704,536,False,Low Income,KES,2025-01-01,2025-01-01
97,63,37066,705,False,Low Income,KES,2025-01-01,2025-01-01
98,60,11746,693,False,Low Income,KES,2025-01-01,2025-01-01
99,62,9257,616,True,Low Income,KES,2025-01-01,2025-01-01
100,49,81493,696,False,Low Income,EUR,2025-01-01,2025-01-01
101,28,78451,627,False,Low Income,GBP,2025-01-01,2025-01-01
102,30,41691,602,False,Low Income,USD,2025-01-01,2025-01-01
103,29,143390,682,False,Middle Class,USD,2025-01-01,2025-01-01
104,33,51677,579,False,Low Income,KES,2025-01-01,2025-01-01
105,55,98700,634,False,Low Income,KES,2025-01-01,2025-01-01
106,54,50830,608,False,Low Income,KES,2025-01-01,2025-01-01
107,44,29125,626,False,Low Income,KES,2025-01-01,2025-01-01
108,45,15583,680,False,Low Income,USD,2025-01-01,2025-01-01
109,58,22409,608,True,Low Income,KES,2025-01-01,2025-01-01
110,56,29563,636,False,Low Income,EUR,2025-01-01,2025-01-01
111,61,108068,614,False,Middle Class,KES,2025-01-01,2025-01-01
112,43,67234,751,False,Low Income,KES,2025-01-01,2025-01-01
113,48,47299,673,False,Low Income,KES,2025-01-01,2025-01-01
114,56,72839,665,False,Low Income,KES,2025-01-01,2025-01-01
115,22,55376,697,False,Low Income,KES,2025-01-01,2025-01-01
116,56,44781,608,False,Low Income,KES,2025-01-01,2025-01-01
117,58,10949,710,False,Low Income,USD,2025-01-01,2025-01-01
118,35,90339,674,True,Low Income,KES,2025-01-01,2025-01-01
119,24,25164,540,True,Low Income,KES,2025-01-01,2025-01-01
120,22,86754,550,False,Low Income,KES,2025-01-01,2025-01-01
121,26,93729,609,True,Low Income,KES,2025-01-01,2025-01-01
122,47,21246,557,True,Low Income,GBP,2025-01-01,2025-01-01
123,35,77634,633,False,Low Income,KES,2025-01-01,2025-01-01
124,60,27206,579,False,Low Income,GBP,2025-01-01,2025-01-01
125,48,27336,643,False,Low Income,KES,2025-01-01,2025-01-01
126,30,44621,748,True,Low Income,GBP,2025-01-01,2025-01-01
127,36,45596,646,False,Low Income,KES,2025-01-01,2025-01-01
128,36,37452,628,True,Low Income,KES,2025-01-01,2025-01-01
129,47,12488,677,False,Low Income,KES,2025-01-01,2025-01-01
130,63,32953,601,False,Low Income,KES,2025-01-01,2025-01-01
131,34,224758,709,False,High Net Worth,KES,2025-01-01,2025-01-01
132,53,3915,684,False,Low Income,KES,2025-01-01,2025-01-01
133,60,72823,652,True,Low Income,KES,2025-01-01,2025-01-01
134,53,84600,660,False,Low Income,KES,2025-01-01,2025-01-01
135,25,12250,792,False,Low Income,KES,2025-01-01,2025-01-01
136,51,24945,715,False,Low Income,USD,2025-01-01,2025-01-01
137,58,16308,803,True,Low Income,KES,2025-01-01,2025-01-01
138,44,160038,687,False,Middle Class,KES,2025-01-01,2025-01-01
139,60,87765,546,False,Low Income,KES,2025-01-01,2025-01-01
140,36,91230,631,False,Low Income,USD,2025-01-01,2025-01-01
141,64,39995,530,False,Low Income,KES,2025-01-01,2025-01-01
142,50,103743,686,False,Middle Class,KES,2025-01-01,2025-01-01
143,57,36076,702,False,Low Income,GBP,2025-01-01,2025-01-01
144,34,107723,587,False,Middle Class,USD,2025-01-01,2025-01-01
145,53,32242,604,False,Low Income,KES,2025-01-01,2025-01-01
146,28,21091,660,False,Low Income,KES,2025-01-01,2025-01-01
147,43,154625,566,False,Middle Class,USD,2025-01-01,2025-01-01
148,49,35714,560,False,Low Income,KES,2025-01-01,2025-01-01
149,23,17693,736,False,Low Income,KES,2025-01-01,2025-01-01
150,63,17540,658,False,Low Income,KES,2025-01-01,2025-01-01
151,27,17583,610,False,Low Income,USD,2025-01-01,2025-01-01
152,49,71364,531,False,Low Income,KES,2025-01-01,2025-01-01
153,49,33553,709,False,Low Income,USD,2025-01-01,2025-01-01
154,41,228288,602,False,High Net Worth,KES,2025-01-01,2025-01-01
155,51,93802,780,False,Low Income,KES,2025-01-01,2025-01-01
156,32,44609,710,True,Low Income,KES,2025-01-01,2025-01-01
157,49,111649,593,False,Middle Class,KES,2025-01-01,2025-01-01
158,46,24430,599,False,Low Income,GBP,2025-01-01,2025-01-01
159,60,8235,770,True,Low Income,USD,2025-01-01,2025-01-01
160,54,16454,644,False,Low Income,KES,2025-01-01,2025-01-01
161,22,40854,614,False,Low Income,KES,2025-01-01,2025-01-01
162,48,30392,651,True,Low Income,KES,2025-01-01,2025-01-01
163,34,70230,613,False,Low Income,KES,2025-01-01,2025-01-01
164,62,32869,666,False,Low Income,KES,2025-01-01,2025-01-01
165,24,66067,644,False,Low Income,KES,2025-01-01,2025-01-01
166,60,120665,711,False,Middle Class,KES,2025-01-01,2025-01-01
167,27,32788,622,False,Low Income,USD,2025-01-01,2025-01-01
168,29,56619,588,True,Low Income,GBP,2025-01-01,2025-01-01
169,48,8921,625,False,Low Income,KES,2025-01-01,2025-01-01
170,30,32888,625,False,Low Income,USD,2025-01-01,2025-01-01
171,58,13553,644,False,Low Income,KES,2025-01-01,2025-01-01
172,54,40789,694,True,Low Income,KES,2025-01-01,2025-01-01
173,63,43861,690,False,Low Income,KES,2025-01-01,2025-01-01
174,45,43745,733,True,Low Income,KES,2025-01-01,2025-01-01
175,36,24733,593,False,Low Income,KES,2025-01-01,2025-01-01
176,53,228382,677,False,High Net Worth,KES,2025-01-01,2025-01-01
177,53,13168,700,False,Low Income,USD,2025-01-01,2025-01-01
178,45,12540,602,False,Low Income,USD,2025-01-01,2025-01-01
179,62,136486,635,False,Middle Class,KES,2025-01-01,2025-01-01
180,33,20672,527,False,Low Income,EUR,2025-01-01,2025-01-01
181,60,17055,713,False,Low Income,KES,2025-01-01,2025-01-01
182,23,229195,634,False,High Net Worth,KES,2025-01-01,2025-01-01
183,24,79903,706,False,Low Income,KES,2025-01-01,2025-01-01
184,58,22571,664,False,Low Income,KES,2025-01-01,2025-01-01
185,38,43217,637,False,Low Income,KES,2025-01-01,2025-01-01
186,23,172249,538,True,Middle Class,KES,2025-01-01,2025-01-01
187,23,63151,550,False,Low Income,KES,2025-01-01,2025-01-01
188,49,101612,468,True,Middle Class,USD,2025-01-01,2025-01-01
189,44,69136,610,False,Low Income,KES,2025-01-01,2025-01-01
190,58,76435,809,False,Low Income,KES,2025-01-01,2025-01-01
191,53,37488,559,True,Low Income,KES,2025-01-01,2025-01-01
192,54,36646,465,False,Low Income,KES,2025-01-01,2025-01-01
193,22,44965,717,False,Low Income,KES,2025-01-01,2025-01-01
194,40,65353,815,False,Low Income,USD,2025-01-01,2025-01-01
195,23,28950,670,False,Low Income,KES,2025-01-01,2025-01-01
196,47,40040,670,False,Low Income,KES,2025-01-01,2025-01-01
197,53,28331,628,False,Low Income,KES,2025-01-01,2025-01-01
198,27,39836,524,False,Low Income,KES,2025-01-01,2025-01-01
199,53,13349,548,False,Low Income,KES,2025-01-01,2025-01-01
200,25,292079,627,False,High Net Worth,KES,2025-01-01,2025-01-01
201,32,20204,614,False,Low Income,EUR,2025-01-01,2025-01-01
202,38,27196,641,False,Low Income,KES,2025-01-01,2025-01-01
203,59,18856,708,False,Low Income,KES,2025-01-01,2025-01-01
204,45,59430,609,True,Low Income,KES,2025-01-01,2025-01-01
205,26,31045,709,False,Low Income,KES,2025-01-01,2025-01-01
206,55,16796,609,False,Low Income,KES,2025-01-01,2025-01-01
207,27,61420,722,False,Low Income,EUR,2025-01-01,2025-01-01
208,43,68413,656,False,Low Income,KES,2025-01-01,2025-01-01
209,32,34423,619,False,Low Income,KES,2025-01-01,2025-01-01
210,37,21356,654,False,Low Income,KES,2025-01-01,2025-01-01
211,54,209578,629,False,High Net Worth,KES,2025-01-01,2025-01-01
212,30,47669,657,True,Low Income,KES,2025-01-01,2025-01-01
213,27,13104,703,False,Low Income,KES,2025-01-01,2025-01-01
214,37,112558,643,False,Middle Class,KES,2025-01-01,2025-01-01
215,50,18313,624,False,Low Income,KES,2025-01-01,2025-01-01
216,24,325625,571,False,High Net Worth,USD,2025-01-01,2025-01-01
217,41,38705,690,False,Low Income,KES,2025-01-01,2025-01-01
218,57,81687,674,False,Low Income,KES,2025-01-01,2025-01-01
219,40,6877,567,False,Low Income,KES,2025-01-01,2025-01-01
220,47,12999,708,False,Low Income,KES,2025-01-01,2025-01-01
221,24,105565,566,False,Middle Class,KES,2025-01-01,2025-01-01
222,40,46828,722,False,Low Income,KES,2025-01-01,2025-01-01
223,41,186077,698,False,Middle Class,KES,2025-01-01,2025-01-01
224,53,53537,679,True,Low Income,KES,2025-01-01,2025-01-01
225,28,40791,623,False,Low Income,KES,2025-01-01,2025-01-01
226,62,143037,690,True,Middle Class,KES,2025-01-01,2025-01-01
227,54,81479,725,False,Low Income,USD,2025-01-01,2025-01-01
228,61,31038,691,False,Low Income,KES,2025-01-01,2025-01-01
229,60,15134,603,False,Low Income,KES,2025-01-01,2025-01-01
230,39,5446,668,False,Low Income,KES,2025-01-01,2025-01-01
231,61,25587,729,True,Low Income,KES,2025-01-01,2025-01-01
232,22,14057,803,True,Low Income,KES,2025-01-01,2025-01-01
233,32,290153,635,False,High Net Worth,KES,2025-01-01,2025-01-01
234,49,21583,710,False,Low Income,USD,2025-01-01,2025-01-01
235,46,21116,729,False,Low Income,KES,2025-01-01,2025-01-01
236,44,10753,593,False,Low Income,KES,2025-01-01,2025-01-01
237,52,29347,774,True,Low Income,KES,2025-01-01,2025-01-01
238,51,21340,575,False,Low Income,KES,2025-01-01,2025-01-01
239,63,145828,706,False,Middle Class,KES,2025-01-01,2025-01-01
240,56,41555,671,False,Low Income,USD,2025-01-01,2025-01-01
241,28,36058,653,False,Low Income,KES,2025-01-01,2025-01-01
242,37,32606,828,False,Low Income,USD,2025-01-01,2025-01-01
243,47,68114,628,False,Low Income,USD,2025-01-01,2025-01-01
244,23,25289,627,False,Low Income,USD,2025-01-01,2025-01-01
245,22,61930,743,False,Low Income,KES,2025-01-01,2025-01-01
246,33,132081,703,True,Middle Class,KES,2025-01-01,2025-01-01
247,26,52473,739,False,Low Income,KES,2025-01-01,2025-01-01
248,58,29739,658,False,Low Income,KES,2025-01-01,2025-01-01
249,53,16936,672,True,Low Income,KES,2025-01-01,2025-01-01
250,30,29140,783,False,Low Income,USD,2025-01-01,2025-01-01
251,62,56980,591,False,Low Income,KES,2025-01-01,2025-01-01
252,56,10657,642,False,Low Income,KES,2025-01-01,2025-01-01
253,40,70631,705,False,Low Income,KES,2025-01-01,2025-01-01
254,37,42876,636,False,Low Income,KES,2025-01-01,2025-01-01
255,24,32229,610,False,Low Income,KES,2025-01-01,2025-01-01
256,41,21428,693,False,Low Income,USD,2025-01-01,2025-01-01
257,45,24807,743,False,Low Income,KES,2025-01-01,2025-01-01
258,54,58562,640,True,Low Income,USD,2025-01-01,2025-01-01
259,45,32775,638,False,Low Income,USD,2025-01-01,2025-01-01
260,32,24320,604,False,Low Income,USD,2025-01-01,2025-01-01
261,29,52830,629,False,Low Income,KES,2025-01-01,2025-01-01
262,57,54532,725,False,Low Income,USD,2025-01-01,2025-01-01
263,59,13368,655,False,Low Income,KES,2025-01-01,2025-01-01
264,61,57364,593,False,Low Income,KES,2025-01-01,2025-01-01
265,41,268702,668,False,High Net Worth,KES,2025-01-01,2025-01-01
266,56,52875,723,False,Low Income,KES,2025-01-01,2025-01-01
267,46,9328,610,False,Low Income,KES,2025-01-01,2025-01-01
268,56,41852,556,False,Low Income,KES,2025-01-01,2025-01-01
269,46,8394,803,False,Low Income,KES,2025-01-01,2025-01-01
270,50,457667,553,False,High Net Worth,EUR,2025-01-01,2025-01-01
271,39,217192,624,False,High Net Worth,KES,2025-01-01,2025-01-01
272,39,21316,666,False,Low Income,KES,2025-01-01,2025-01-01
273,23,6023,630,True,Low Income,KES,2025-01-01,2025-01-01
274,56,17985,644,True,Low Income,KES,2025-01-01,2025-01-01
275,37,31420,690,False,Low Income,EUR,2025-01-01,2025-01-01
276,62,8870,482,False,Low Income,KES,2025-01-01,2025-01-01
277,57,34364,561,False,Low Income,KES,2025-01-01,2025-01-01
278,54,31255,653,True,Low Income,KES,2025-01-01,2025-01-01
279,25,40139,621,False,Low Income,EUR,2025-01-01,2025-01-01
280,54,43639,659,False,Low Income,KES,2025-01-01,2025-01-01
281,35,16772,665,False,Low Income,USD,2025-01-01,2025-01-01
282,42,18347,501,False,Low Income,KES,2025-01-01,2025-01-01
283,41,37664,739,False,Low Income,KES,2025-01-01,2025-01-01
284,29,21921,615,False,Low Income,KES,2025-01-01,2025-01-01
285,28,75056,589,True,Low Income,USD,2025-01-01,2025-01-01
286,24,37373,664,False,Low Income,KES,2025-01-01,2025-01-01
287,38,161458,657,True,Middle Class,KES,2025-01-01,2025-01-01
288,54,70009,733,False,Low Income,KES,2025-01-01,2025-01-01
289,33,87813,669,False,Low Income,KES,2025-01-01,2025-01-01
290,43,40378,731,False,Low Income,KES,2025-01-01,2025-01-01
291,43,41187,584,False,Low Income,GBP,2025-01-01,2025-01-01
292,51,145082,659,False,Middle Class,KES,2025-01-01,2025-01-01
293,59,26832,571,False,Low Income,KES,2025-01-01,2025-01-01
294,59,56242,656,False,Low Income,USD,2025-01-01,2025-01-01
295,29,29348,641,False,Low Income,KES,2025-01-01,2025-01-01
296,48,29292,638,False,Low Income,KES,2025-01-01,2025-01-01
297,48,14255,639,False,Low Income,KES,2025-01-01,2025-01-01
298,55,20050,701,False,Low Income,KES,2025-01-01,2025-01-01
299,42,17281,537,False,Low Income,KES,2025-01-01,2025-01-01
300,51,58424,587,False,Low Income,KES,2025-01-01,2025-01-01
301,54,83463,647,False,Low Income,KES,2025-01-01,2025-01-01
302,49,33664,567,False,Low Income,KES,2025-01-01,2025-01-01
303,54,43638,653,True,Low Income,EUR,2025-01-01,2025-01-01
304,26,32145,646,False,Low Income,USD,2025-01-01,2025-01-01
305,40,18984,551,False,Low Income,USD,2025-01-01,2025-01-01
306,25,72389,548,False,Low Income,USD,2025-01-01,2025-01-01
307,56,61207,466,False,Low Income,KES,2025-01-01,2025-01-01
308,38,7990,564,False,Low Income,USD,2025-01-01,2025-01-01
309,49,28955,651,False,Low Income,KES,2025-01-01,2025-01-01
310,51,17932,660,False,Low Income,KES,2025-01-01,2025-01-01
311,50,26562,664,False,Low Income,KES,2025-01-01,2025-01-01
312,27,21240,595,False,Low Income,KES,2025-01-01,2025-01-01
313,56,34991,648,False,Low Income,USD,2025-01-01,2025-01-01
314,62,27891,677,False,Low Income,EUR,2025-01-01,2025-01-01
315,58,27421,561,False,Low Income,KES,2025-01-01,2025-01-01
316,45,88072,658,False,Low Income,USD,2025-01-01,2025-01-01
317,50,56712,695,False,Low Income,KES,2025-01-01,2025-01-01
318,52,20679,615,False,Low Income,KES,2025-01-01,2025-01-01
319,56,23284,724,False,Low Income,KES,2025-01-01,2025-01-01
320,54,53821,617,False,Low Income,KES,2025-01-01,2025-01-01
321,42,53762,589,False,Low Income,EUR,2025-01-01,2025-01-01
322,53,22403,688,False,Low Income,USD,2025-01-01,2025-01-01
323,44,30115,792,True,Low Income,USD,2025-01-01,2025-01-01
324,54,159124,655,False,Middle Class,KES,2025-01-01,2025-01-01
325,24,22714,694,False,Low Income,EUR,2025-01-01,2025-01-01
326,39,167484,614,False,Middle Class,KES,2025-01-01,2025-01-01
327,46,87810,563,False,Low Income,USD,2025-01-01,2025-01-01
328,63,144398,661,False,Middle Class,KES,2025-01-01,2025-01-01
329,52,21954,672,False,Low Income,KES,2025-01-01,2025-01-01
330,24,31734,624,False,Low Income,KES,2025-01-01,2025-01-01
331,61,25353,694,True,Low Income,KES,2025-01-01,2025-01-01
332,45,89447,604,False,Low Income,KES,2025-01-01,2025-01-01
333,53,23059,586,False,Low Income,KES,2025-01-01,2025-01-01
334,43,65184,724,False,Low Income,KES,2025-01-01,2025-01-01
335,44,62482,724,False,Low Income,KES,2025-01-01,2025-01-01
336,23,34946,605,False,Low Income,KES,2025-01-01,2025-01-01
337,48,102634,770,False,Middle Class,KES,2025-01-01,2025-01-01
338,63,39582,629,False,Low Income,KES,2025-01-01,2025-01-01
339,23,70775,655,False,Low Income,KES,2025-01-01,2025-01-01
340,47,24446,644,False,Low Income,KES,2025-01-01,2025-01-01
341,38,20358,686,False,Low Income,EUR,2025-01-01,2025-01-01
342,61,65180,668,False,Low Income,USD,2025-01-01,2025-01-01
343,54,51260,668,False,Low Income,KES,2025-01-01,2025-01-01
344,30,44119,578,False,Low Income,USD,2025-01-01,2025-01-01
345,64,27585,531,True,Low Income,USD,2025-01-01,2025-01-01
346,60,125413,729,False,Middle Class,GBP,2025-01-01,2025-01-01
347,50,14864,611,False,Low Income,KES,2025-01-01,2025-01-01
348,63,14227,646,False,Low Income,KES,2025-01-01,2025-01-01
349,47,77167,672,False,Low Income,KES,2025-01-01,2025-01-01
350,56,72263,764,False,Low Income,KES,2025-01-01,2025-01-01
351,46,48194,661,False,Low Income,KES,2025-01-01,2025-01-01
352,45,28843,622,False,Low Income,KES,2025-01-01,2025-01-01
353,34,54281,613,False,Low Income,USD,2025-01-01,2025-01-01
354,28,143869,647,False,Middle Class,GBP,2025-01-01,2025-01-01
355,57,271695,586,False,High Net Worth,KES,2025-01-01,2025-01-01
356,41,9651,652,False,Low Income,KES,2025-01-01,2025-01-01
357,22,25974,646,False,Low Income,KES,2025-01-01,2025-01-01
358,29,24700,764,True,Low Income,USD,2025-01-01,2025-01-01
359,37,133414,644,False,Middle Class,KES,2025-01-01,2025-01-01
360,35,4988,515,False,Low Income,KES,2025-01-01,2025-01-01
361,33,54779,837,False,Low Income,KES,2025-01-01,2025-01-01
362,44,29571,716,False,Low Income,KES,2025-01-01,2025-01-01
363,36,134657,795,False,Middle Class,KES,2025-01-01,2025-01-01
364,49,120671,568,True,Middle Class,KES,2025-01-01,2025-01-01
365,55,48649,634,False,Low Income,USD,2025-01-01,2025-01-01
366,23,10262,697,False,Low Income,GBP,2025-01-01,2025-01-01
367,53,22945,687,False,Low Income,EUR,2025-01-01,2025-01-01
368,44,25046,671,False,Low Income,EUR,2025-01-01,2025-01-01
369,43,12567,496,False,Low Income,KES,2025-01-01,2025-01-01
370,46,91460,530,False,Low Income,KES,2025-01-01,2025-01-01
371,43,11353,756,False,Low Income,USD,2025-01-01,2025-01-01
372,43,174951,768,False,Middle Class,EUR,2025-01-01,2025-01-01
373,63,174600,642,False,Middle Class,KES,2025-01-01,2025-01-01
374,27,26687,747,False,Low Income,KES,2025-01-01,2025-01-01
375,36,47230,578,False,Low Income,KES,2025-01-01,2025-01-01
376,64,34275,594,False,Low Income,KES,2025-01-01,2025-01-01
377,58,74716,572,False,Low Income,KES,2025-01-01,2025-01-01
378,54,100683,590,False,Middle Class,KES,2025-01-01,2025-01-01
379,29,44640,700,False,Low Income,KES,2025-01-01,2025-01-01
380,26,52854,589,False,Low Income,KES,2025-01-01,2025-01-01
381,60,22104,806,False,Low Income,USD,2025-01-01,2025-01-01
382,25,51501,682,True,Low Income,KES,2025-01-01,2025-01-01
383,27,41365,725,False,Low Income,KES,2025-01-01,2025-01-01
384,53,17510,684,False,Low Income,KES,2025-01-01,2025-01-01
385,51,35909,734,False,Low Income,USD,2025-01-01,2025-01-01
386,56,26727,589,False,Low Income,KES,2025-01-01,2025-01-01
387,61,22301,751,False,Low Income,GBP,2025-01-01,2025-01-01
388,37,14513,659,False,Low Income,KES,2025-01-01,2025-01-01
389,34,38177,734,False,Low Income,GBP,2025-01-01,2025-01-01
390,63,19450,549,False,Low Income,EUR,2025-01-01,2025-01-01
391,51,24912,662,False,Low Income,KES,2025-01-01,2025-01-01
392,40,85827,660,False,Low Income,KES,2025-01-01,2025-01-01
393,38,60215,606,False,Low Income,KES,2025-01-01,2025-01-01
394,40,16597,671,True,Low Income,KES,2025-01-01,2025-01-01
395,49,48122,757,False,Low Income,KES,2025-01-01,2025-01-01
396,47,40385,601,False,Low Income,KES,2025-01-01,2025-01-01
397,58,141684,717,False,Middle Class,KES,2025-01-01,2025-01-01
398,47,109811,571,False,Middle Class,KES,2025-01-01,2025-01-01
399,44,10646,797,False,Low Income,KES,2025-01-01,2025-01-01
400,30,72323,704,True,Low Income,KES,2025-01-01,2025-01-01
401,33,99923,770,False,Low Income,KES,2025-01-01,2025-01-01
402,22,56811,697,False,Low Income,KES,2025-01-01,2025-01-01
403,22,27768,677,False,Low Income,KES,2025-01-01,2025-01-01
404,55,250375,705,False,High Net Worth,KES,2025-01-01,2025-01-01
405,53,61152,640,False,Low Income,USD,2025-01-01,2025-01-01
406,46,176528,536,False,Middle Class,KES,2025-01-01,2025-01-01
407,61,107064,681,False,Middle Class,KES,2025-01-01,2025-01-01
408,22,52644,597,False,Low Income,KES,2025-01-01,2025-01-01
409,37,22839,572,False,Low Income,USD,2025-01-01,2025-01-01
410,60,35621,694,False,Low Income,USD,2025-01-01,2025-01-01
411,26,30408,630,False,Low Income,USD,2025-01-01,2025-01-01
412,43,13744,721,False,Low Income,KES,2025-01-01,2025-01-01
413,50,61097,594,False,Low Income,KES,2025-01-01,2025-01-01
414,24,127246,617,False,Middle Class,KES,2025-01-01,2025-01-01
415,33,28605,730,False,Low Income,KES,2025-01-01,2025-01-01
416,47,205032,669,False,High Net Worth,EUR,2025-01-01,2025-01-01
417,37,10445,546,False,Low Income,KES,2025-01-01,2025-01-01
418,58,84414,668,False,Low Income,USD,2025-01-01,2025-01-01
419,43,138304,753,True,Middle Class,KES,2025-01-01,2025-01-01
420,50,30846,616,False,Low Income,USD,2025-01-01,2025-01-01
421,35,31293,691,False,Low Income,KES,2025-01-01,2025-01-01
422,49,83634,590,True,Low Income,KES,2025-01-01,2025-01-01
423,26,54436,640,False,Low Income,KES,2025-01-01,2025-01-01
424,51,7347,726,False,Low Income,KES,2025-01-01,2025-01-01
425,26,18495,665,False,Low Income,KES,2025-01-01,2025-01-01
426,33,35923,740,False,Low Income,USD,2025-01-01,2025-01-01
427,37,12139,679,False,Low Income,KES,2025-01-01,2025-01-01
428,47,24851,805,False,Low Income,KES,2025-01-01,2025-01-01
429,47,12385,540,False,Low Income,KES,2025-01-01,2025-01-01
430,42,27007,634,False,Low Income,KES,2025-01-01,2025-01-01
431,60,27741,574,False,Low Income,USD,2025-01-01,2025-01-01
432,57,48117,578,False,Low Income,USD,2025-01-01,2025-01-01
433,54,33745,579,False,Low Income,USD,2025-01-01,2025-01-01
434,51,54297,661,False,Low Income,USD,2025-01-01,2025-01-01
435,58,49357,665,False,Low Income,USD,2025-01-01,2025-01-01
436,44,82873,679,False,Low Income,KES,2025-01-01,2025-01-01
437,31,73059,571,True,Low Income,USD,2025-01-01,2025-01-01
438,26,67137,627,True,Low Income,KES,2025-01-01,2025-01-01
439,57,435344,582,False,High Net Worth,KES,2025-01-01,2025-01-01
440,55,47950,715,False,Low Income,KES,2025-01-01,2025-01-01
441,52,289195,589,False,High Net Worth,USD,2025-01-01,2025-01-01
442,31,50502,635,False,Low Income,USD,2025-01-01,2025-01-01
443,40,33986,689,False,Low Income,KES,2025-01-01,2025-01-01
444,53,26942,606,True,Low Income,USD,2025-01-01,2025-01-01
445,22,121513,698,False,Middle Class,EUR,2025-01-01,2025-01-01
446,26,134915,761,False,Middle Class,KES,2025-01-01,2025-01-01
447,25,58678,663,False,Low Income,KES,2025-01-01,2025-01-01
448,37,89934,713,False,Low Income,USD,2025-01-01,2025-01-01
449,45,13071,504,False,Low Income,KES,2025-01-01,2025-01-01
450,37,10519,619,False,Low Income,KES,2025-01-01,2025-01-01
451,23,98426,662,False,Low Income,KES,2025-01-01,2025-01-01
452,49,32812,576,False,Low Income,KES,2025-01-01,2025-01-01
453,53,66134,664,False,Low Income,USD,2025-01-01,2025-01-01
454,48,20458,724,False,Low Income,KES,2025-01-01,2025-01-01
455,41,136706,518,False,Middle Class,USD,2025-01-01,2025-01-01
456,45,10589,566,True,Low Income,USD,2025-01-01,2025-01-01
457,33,11986,662,False,Low Income,USD,2025-01-01,2025-01-01
458,56,115318,682,False,Middle Class,KES,2025-01-01,2025-01-01
459,54,4501,701,False,Low Income,KES,2025-01-01,2025-01-01
460,54,49160,657,False,Low Income,KES,2025-01-01,2025-01-01
461,64,33327,682,False,Low Income,KES,2025-01-01,2025-01-01
462,58,20155,713,False,Low Income,USD,2025-01-01,2025-01-01
463,33,30947,620,False,Low Income,KES,2025-01-01,2025-01-01
464,24,18434,607,False,Low Income,KES,2025-01-01,2025-01-01
465,22,124717,638,True,Middle Class,KES,2025-01-01,2025-01-01
466,54,153829,663,False,Middle Class,USD,2025-01-01,2025-01-01
467,61,20981,603,False,Low Income,USD,2025-01-01,2025-01-01
468,31,45270,622,True,Low Income,KES,2025-01-01,2025-01-01
469,64,12580,677,False,Low Income,USD,2025-01-01,2025-01-01
470,50,85685,661,False,Low Income,KES,2025-01-01,2025-01-01
471,34,83919,637,False,Low Income,KES,2025-01-01,2025-01-01
472,33,28675,528,False,Low Income,USD,2025-01-01,2025-01-01
473,52,36809,649,False,Low Income,KES,2025-01-01,2025-01-01
474,23,33691,582,True,Low Income,GBP,2025-01-01,2025-01-01
475,56,9949,718,False,Low Income,KES,2025-01-01,2025-01-01
476,44,125091,628,True,Middle Class,KES,2025-01-01,2025-01-01
477,38,19661,580,False,Low Income,EUR,2025-01-01,2025-01-01
478,47,19769,645,True,Low Income,KES,2025-01-01,2025-01-01
479,29,32198,738,False,Low Income,GBP,2025-01-01,2025-01-01
480,50,80534,694,False,Low Income,GBP,2025-01-01,2025-01-01
481,47,22628,665,False,Low Income,KES,2025-01-01,2025-01-01
482,31,7617,557,False,Low Income,KES,2025-01-01,2025-01-01
483,47,17861,763,False,Low Income,KES,2025-01-01,2025-01-01
484,55,50986,606,False,Low Income,KES,2025-01-01,2025-01-01
485,62,209357,715,True,High Net Worth,KES,2025-01-01,2025-01-01
486,28,13254,627,False,Low Income,KES,2025-01-01,2025-01-01
487,25,12871,708,False,Low Income,KES,2025-01-01,2025-01-01
488,32,10828,741,True,Low Income,KES,2025-01-01,2025-01-01
489,50,9804,695,True,Low Income,GBP,2025-01-01,2025-01-01
490,57,95277,702,False,Low Income,USD,2025-01-01,2025-01-01
491,46,120060,643,True,Middle Class,USD,2025-01-01,2025-01-01
492,42,41864,619,False,Low Income,KES,2025-01-01,2025-01-01
493,57,24979,659,False,Low Income,USD,2025-01-01,2025-01-01
494,31,152194,626,False,Middle Class,KES,2025-01-01,2025-01-01
495,58,41736,822,False,Low Income,USD,2025-01-01,2025-01-01
496,30,86816,580,False,Low Income,GBP,2025-01-01,2025-01-01
497,45,24024,720,False,Low Income,KES,2025-01-01,2025-01-01
498,56,37623,686,False,Low Income,KES,2025-01-01,2025-01-01
499,56,13495,666,False,Low Income,USD,2025-01-01,2025-01-01
500,57,60078,753,False,Low Income,EUR,2025-01-01,2025-01-01
501,39,42308,670,False,Low Income,USD,2025-01-01,2025-01-01
502,60,17753,605,False,Low Income,KES,2025-01-01,2025-01-01
503,53,17945,670,False,Low Income,KES,2025-01-01,2025-01-01
504,45,132291,637,False,Middle Class,KES,2025-01-01,2025-01-01
505,44,175840,685,False,Middle Class,USD,2025-01-01,2025-01-01
506,53,30622,706,False,Low Income,KES,2025-01-01,2025-01-01
507,58,38338,589,True,Low Income,USD,2025-01-01,2025-01-01
508,33,50015,733,False,Low Income,KES,2025-01-01,2025-01-01
509,34,40881,632,False,Low Income,KES,2025-01-01,2025-01-01
510,44,9514,681,True,Low Income,KES,2025-01-01,2025-01-01
511,46,51138,693,True,Low Income,USD,2025-01-01,2025-01-01
512,56,6834,675,True,Low Income,KES,2025-01-01,2025-01-01
513,62,20208,642,False,Low Income,KES,2025-01-01,2025-01-01
514,51,54412,615,False,Low Income,KES,2025-01-01,2025-01-01
515,38,58688,631,False,Low Income,KES,2025-01-01,2025-01-01
516,41,18995,759,False,Low Income,KES,2025-01-01,2025-01-01
517,46,25166,589,True,Low Income,USD,2025-01-01,2025-01-01
518,43,22582,599,False,Low Income,KES,2025-01-01,2025-01-01
519,34,33447,596,False,Low Income,KES,2025-01-01,2025-01-01
520,40,35545,659,False,Low Income,USD,2025-01-01,2025-01-01
521,57,61992,543,True,Low Income,GBP,2025-01-01,2025-01-01
522,33,24016,555,False,Low Income,KES,2025-01-01,2025-01-01
523,62,48957,631,False,Low Income,KES,2025-01-01,2025-01-01
524,40,54481,559,False,Low Income,USD,2025-01-01,2025-01-01
525,33,42558,565,True,Low Income,GBP,2025-01-01,2025-01-01
526,30,29505,560,False,Low Income,USD,2025-01-01,2025-01-01
527,28,41961,590,False,Low Income,KES,2025-01-01,2025-01-01
528,49,66263,701,False,Low Income,KES,2025-01-01,2025-01-01
529,35,71064,716,False,Low Income,USD,2025-01-01,2025-01-01
530,52,155173,784,False,Middle Class,KES,2025-01-01,2025-01-01
531,40,16448,781,False,Low Income,KES,2025-01-01,2025-01-01
532,37,25539,705,False,Low Income,USD,2025-01-01,2025-01-01
533,26,9988,721,True,Low Income,KES,2025-01-01,2025-01-01
534,56,76481,659,False,Low Income,KES,2025-01-01,2025-01-01
535,33,27788,686,False,Low Income,KES,2025-01-01,2025-01-01
536,46,42828,786,False,Low Income,KES,2025-01-01,2025-01-01
537,42,22393,675,False,Low Income,KES,2025-01-01,2025-01-01
538,57,27962,730,False,Low Income,USD,2025-01-01,2025-01-01
539,44,96621,584,True,Low Income,KES,2025-01-01,2025-01-01
540,37,63283,603,False,Low Income,KES,2025-01-01,2025-01-01
541,60,33215,671,True,Low Income,GBP,2025-01-01,2025-01-01
542,63,67120,660,False,Low Income,KES,2025-01-01,2025-01-01
543,60,68317,606,False,Low Income,KES,2025-01-01,2025-01-01
544,35,26551,818,False,Low Income,GBP,2025-01-01,2025-01-01
545,52,11211,662,False,Low Income,USD,2025-01-01,2025-01-01
546,26,17688,619,False,Low Income,KES,2025-01-01,2025-01-01
547,56,12426,660,False,Low Income,USD,2025-01-01,2025-01-01
548,44,92184,651,False,Low Income,KES,2025-01-01,2025-01-01
549,50,105925,663,False,Middle Class,USD,2025-01-01,2025-01-01
550,64,129197,538,False,Middle Class,KES,2025-01-01,2025-01-01
551,32,7218,740,False,Low Income,USD,2025-01-01,2025-01-01
552,39,85572,744,False,Low Income,KES,2025-01-01,2025-01-01
553,33,213150,752,False,High Net Worth,KES,2025-01-01,2025-01-01
554,30,88396,672,False,Low Income,KES,2025-01-01,2025-01-01
555,31,6496,696,False,Low Income,KES,2025-01-01,2025-01-01
556,38,149438,589,True,Middle Class,USD,2025-01-01,2025-01-01
557,59,37547,708,False,Low Income,KES,2025-01-01,2025-01-01
558,28,30154,667,False,Low Income,KES,2025-01-01,2025-01-01
559,34,52097,617,False,Low Income,KES,2025-01-01,2025-01-01
560,61,15690,710,False,Low Income,KES,2025-01-01,2025-01-01
561,63,36396,713,False,Low Income,USD,2025-01-01,2025-01-01
562,30,132766,654,True,Middle Class,USD,2025-01-01,2025-01-01
563,48,59749,680,False,Low Income,KES,2025-01-01,2025-01-01
564,23,38052,577,False,Low Income,EUR,2025-01-01,2025-01-01
565,26,39014,737,False,Low Income,USD,2025-01-01,2025-01-01
566,50,14113,587,False,Low Income,KES,2025-01-01,2025-01-01
567,58,32209,600,False,Low Income,KES,2025-01-01,2025-01-01
568,59,9823,654,False,Low Income,EUR,2025-01-01,2025-01-01
569,40,82285,728,False,Low Income,KES,2025-01-01,2025-01-01
570,29,6319,727,False,Low Income,USD,2025-01-01,2025-01-01
571,22,71963,649,False,Low Income,KES,2025-01-01,2025-01-01
572,43,79501,704,False,Low Income,KES,2025-01-01,2025-01-01
573,38,104298,531,False,Middle Class,KES,2025-01-01,2025-01-01
574,28,38928,599,False,Low Income,KES,2025-01-01,2025-01-01
575,46,75606,601,True,Low Income,GBP,2025-01-01,2025-01-01
576,25,31958,737,False,Low Income,KES,2025-01-01,2025-01-01
577,57,14053,695,False,Low Income,KES,2025-01-01,2025-01-01
578,27,123572,662,False,Middle Class,EUR,2025-01-01,2025-01-01
579,52,33607,669,False,Low Income,KES,2025-01-01,2025-01-01
580,40,11759,759,False,Low Income,KES,2025-01-01,2025-01-01
581,60,24997,638,True,Low Income,USD,2025-01-01,2025-01-01
582,48,25800,558,False,Low Income,USD,2025-01-01,2025-01-01
583,31,52541,726,False,Low Income,KES,2025-01-01,2025-01-01
584,47,237432,662,False,High Net Worth,KES,2025-01-01,2025-01-01
585,40,55156,716,False,Low Income,KES,2025-01-01,2025-01-01
586,60,42850,646,False,Low Income,KES,2025-01-01,2025-01-01
587,24,259009,591,True,High Net Worth,KES,2025-01-01,2025-01-01
588,34,79468,678,False,Low Income,KES,2025-01-01,2025-01-01
589,49,44506,650,False,Low Income,KES,2025-01-01,2025-01-01
590,41,24747,662,False,Low Income,KES,2025-01-01,2025-01-01
591,49,46768,763,False,Low Income,KES,2025-01-01,2025-01-01
592,29,34437,573,True,Low Income,KES,2025-01-01,2025-01-01
593,62,39071,670,False,Low Income,USD,2025-01-01,2025-01-01
594,60,103935,592,True,Middle Class,USD,2025-01-01,2025-01-01
595,22,23570,468,False,Low Income,KES,2025-01-01,2025-01-01
596,24,54766,646,False,Low Income,KES,2025-01-01,2025-01-01
597,34,77586,652,False,Low Income,KES,2025-01-01,2025-01-01
598,49,21382,693,False,Low Income,KES,2025-01-01,2025-01-01
599,46,18805,634,False,Low Income,KES,2025-01-01,2025-01-01
600,54,32200,545,True,Low Income,KES,2025-01-01,2025-01-01
601,59,25101,592,False,Low Income,KES,2025-01-01,2025-01-01
602,27,91296,742,False,Low Income,USD,2025-01-01,2025-01-01
603,53,16294,591,True,Low Income,KES,2025-01-01,2025-01-01
604,42,38360,760,False,Low Income,KES,2025-01-01,2025-01-01
605,37,278406,723,False,High Net Worth,USD,2025-01-01,2025-01-01
606,42,50536,627,False,Low Income,KES,2025-01-01,2025-01-01
607,32,57724,598,False,Low Income,KES,2025-01-01,2025-01-01
608,58,91908,723,False,Low Income,KES,2025-01-01,2025-01-01
609,57,25075,633,False,Low Income,KES,2025-01-01,2025-01-01
610,56,15288,541,False,Low Income,USD,2025-01-01,2025-01-01
611,40,41823,689,False,Low Income,KES,2025-01-01,2025-01-01
612,41,44905,679,False,Low Income,KES,2025-01-01,2025-01-01
613,39,9951,729,False,Low Income,KES,2025-01-01,2025-01-01
614,62,49023,674,False,Low Income,KES,2025-01-01,2025-01-01
615,35,85466,611,False,Low Income,USD,2025-01-01,2025-01-01
616,36,17494,738,False,Low Income,USD,2025-01-01,2025-01-01
617,52,51454,745,False,Low Income,KES,2025-01-01,2025-01-01
618,22,74147,666,False,Low Income,KES,2025-01-01,2025-01-01
619,24,58066,654,False,Low Income,KES,2025-01-01,2025-01-01
620,37,62617,557,False,Low Income,USD,2025-01-01,2025-01-01
621,44,29856,607,False,Low Income,KES,2025-01-01,2025-01-01
622,32,14735,703,False,Low Income,KES,2025-01-01,2025-01-01
623,33,25394,610,True,Low Income,KES,2025-01-01,2025-01-01
624,31,22723,548,False,Low Income,KES,2025-01-01,2025-01-01
625,53,34057,850,False,Low Income,KES,2025-01-01,2025-01-01
626,37,87082,547,False,Low Income,KES,2025-01-01,2025-01-01
627,29,12714,807,False,Low Income,KES,2025-01-01,2025-01-01
628,59,40757,628,False,Low Income,KES,2025-01-01,2025-01-01
629,33,15510,644,False,Low Income,KES,2025-01-01,2025-01-01
630,45,20089,602,False,Low Income,USD,2025-01-01,2025-01-01
631,49,56783,704,False,Low Income,KES,2025-01-01,2025-01-01
632,29,14017,549,False,Low Income,KES,2025-01-01,2025-01-01
633,49,65342,521,False,Low Income,KES,2025-01-01,2025-01-01
634,57,12311,762,True,Low Income,KES,2025-01-01,2025-01-01
635,47,61919,593,False,Low Income,KES,2025-01-01,2025-01-01
636,29,10513,702,False,Low Income,USD,2025-01-01,2025-01-01
637,49,22153,574,False,Low Income,KES,2025-01-01,2025-01-01
638,49,165577,699,False,Middle Class,EUR,2025-01-01,2025-01-01
639,58,142462,767,False,Middle Class,KES,2025-01-01,2025-01-01
640,62,26107,613,True,Low Income,KES,2025-01-01,2025-01-01
641,57,49611,514,False,Low Income,KES,2025-01-01,2025-01-01
642,48,95154,768,False,Low Income,KES,2025-01-01,2025-01-01
643,38,62632,714,False,Low Income,USD,2025-01-01,2025-01-01
644,30,29179,616,False,Low Income,USD,2025-01-01,2025-01-01
645,54,19952,634,False,Low Income,USD,2025-01-01,2025-01-01
646,41,72728,572,False,Low Income,GBP,2025-01-01,2025-01-01
647,34,89730,749,False,Low Income,USD,2025-01-01,2025-01-01
648,49,143280,612,True,Middle Class,KES,2025-01-01,2025-01-01
649,50,9416,550,False,Low Income,KES,2025-01-01,2025-01-01
650,34,13326,664,False,Low Income,KES,2025-01-01,2025-01-01
651,56,91999,589,True,Low Income,KES,2025-01-01,2025-01-01
652,27,10496,577,False,Low Income,USD,2025-01-01,2025-01-01
653,39,97815,619,False,Low Income,KES,2025-01-01,2025-01-01
654,26,30578,656,False,Low Income,KES,2025-01-01,2025-01-01
655,46,23939,553,False,Low Income,KES,2025-01-01,2025-01-01
656,23,42802,746,False,Low Income,KES,2025-01-01,2025-01-01
657,31,12378,697,False,Low Income,KES,2025-01-01,2025-01-01
658,51,70207,624,False,Low Income,KES,2025-01-01,2025-01-01
659,26,140324,586,True,Middle Class,KES,2025-01-01,2025-01-01
660,54,72872,643,False,Low Income,KES,2025-01-01,2025-01-01
661,22,29815,712,False,Low Income,KES,2025-01-01,2025-01-01
662,39,10610,702,False,Low Income,KES,2025-01-01,2025-01-01
663,53,10941,724,True,Low Income,KES,2025-01-01,2025-01-01
664,32,12535,616,False,Low Income,KES,2025-01-01,2025-01-01
665,42,35960,445,False,Low Income,KES,2025-01-01,2025-01-01
666,47,39764,737,False,Low Income,KES,2025-01-01,2025-01-01
667,46,72747,638,False,Low Income,KES,2025-01-01,2025-01-01
668,43,8631,696,False,Low Income,KES,2025-01-01,2025-01-01
669,48,103670,766,False,Middle Class,KES,2025-01-01,2025-01-01
670,34,63292,820,False,Low Income,KES,2025-01-01,2025-01-01
671,54,27960,604,False,Low Income,KES,2025-01-01,2025-01-01
672,55,14019,659,False,Low Income,USD,2025-01-01,2025-01-01
673,62,98647,745,True,Low Income,KES,2025-01-01,2025-01-01
674,56,28564,590,True,Low Income,GBP,2025-01-01,2025-01-01
675,22,35738,609,False,Low Income,KES,2025-01-01,2025-01-01
676,42,49359,608,False,Low Income,KES,2025-01-01,2025-01-01
677,27,17490,648,False,Low Income,KES,2025-01-01,2025-01-01
678,49,28976,634,True,Low Income,KES,2025-01-01,2025-01-01
679,38,72566,608,False,Low Income,KES,2025-01-01,2025-01-01
680,26,66921,582,False,Low Income,KES,2025-01-01,2025-01-01
681,52,67405,706,True,Low Income,KES,2025-01-01,2025-01-01
682,26,14412,743,False,Low Income,KES,2025-01-01,2025-01-01
683,59,30053,753,False,Low Income,KES,2025-01-01,2025-01-01
684,24,26446,616,False,Low Income,KES,2025-01-01,2025-01-01
685,44,51028,709,False,Low Income,KES,2025-01-01,2025-01-01
686,58,47501,666,False,Low Income,KES,2025-01-01,2025-01-01
687,58,41123,610,True,Low Income,USD,2025-01-01,2025-01-01
688,31,261081,701,True,High Net Worth,USD,2025-01-01,2025-01-01
689,31,28777,606,False,Low Income,EUR,2025-01-01,2025-01-01
690,40,26205,623,True,Low Income,KES,2025-01-01,2025-01-01
691,38,14394,553,False,Low Income,USD,2025-01-01,2025-01-01
692,42,10611,617,False,Low Income,USD,2025-01-01,2025-01-01
693,35,13680,667,False,Low Income,KES,2025-01-01,2025-01-01
694,30,20436,759,False,Low Income,KES,2025-01-01,2025-01-01
695,22,103575,625,False,Middle Class,EUR,2025-01-01,2025-01-01
696,34,37471,577,False,Low Income,KES,2025-01-01,2025-01-01
697,25,42389,754,False,Low Income,KES,2025-01-01,2025-01-01
698,22,33623,614,False,Low Income,KES,2025-01-01,2025-01-01
699,61,48641,527,False,Low Income,KES,2025-01-01,2025-01-01
700,53,111486,659,False,Middle Class,USD,2025-01-01,2025-01-01
701,55,7367,627,False,Low Income,KES,2025-01-01,2025-01-01
702,49,96246,811,False,Low Income,KES,2025-01-01,2025-01-01
703,52,4855,683,False,Low Income,KES,2025-01-01,2025-01-01
704,29,37144,639,False,Low Income,KES,2025-01-01,2025-01-01
705,60,209719,585,False,High Net Worth,KES,2025-01-01,2025-01-01
706,47,62600,673,False,Low Income,KES,2025-01-01,2025-01-01
707,55,48944,751,False,Low Income,USD,2025-01-01,2025-01-01
708,24,180152,671,False,Middle Class,KES,2025-01-01,2025-01-01
709,33,20692,590,False,Low Income,KES,2025-01-01,2025-01-01
710,22,51388,687,True,Low Income,KES,2025-01-01,2025-01-01
711,26,57670,646,False,Low Income,KES,2025-01-01,2025-01-01
712,51,23910,681,False,Low Income,USD,2025-01-01,2025-01-01
713,51,25660,625,False,Low Income,USD,2025-01-01,2025-01-01
714,38,23505,623,False,Low Income,USD,2025-01-01,2025-01-01
715,44,38942,620,False,Low Income,KES,2025-01-01,2025-01-01
716,36,56238,715,False,Low Income,KES,2025-01-01,2025-01-01
717,58,40078,624,False,Low Income,KES,2025-01-01,2025-01-01
718,42,64059,617,False,Low Income,KES,2025-01-01,2025-01-01
719,35,7515,584,False,Low Income,USD,2025-01-01,2025-01-01
720,23,30497,681,False,Low Income,USD,2025-01-01,2025-01-01
721,32,16014,671,True,Low Income,USD,2025-01-01,2025-01-01
722,60,46229,618,True,Low Income,EUR,2025-01-01,2025-01-01
723,59,45685,600,False,Low Income,USD,2025-01-01,2025-01-01
724,55,33107,781,False,Low Income,KES,2025-01-01,2025-01-01
725,59,54623,518,False,Low Income,KES,2025-01-01,2025-01-01
726,55,80680,684,True,Low Income,KES,2025-01-01,2025-01-01
727,39,34599,740,False,Low Income,KES,2025-01-01,2025-01-01
728,51,15656,412,True,Low Income,KES,2025-01-01,2025-01-01
729,36,10249,705,True,Low Income,KES,2025-01-01,2025-01-01
730,48,37379,634,False,Low Income,USD,2025-01-01,2025-01-01
731,55,44068,667,False,Low Income,KES,2025-01-01,2025-01-01
732,59,16720,627,True,Low Income,USD,2025-01-01,2025-01-01
733,54,64900,725,True,Low Income,USD,2025-01-01,2025-01-01
734,45,25155,675,False,Low Income,KES,2025-01-01,2025-01-01
735,36,9651,659,True,Low Income,KES,2025-01-01,2025-01-01
736,51,99225,587,False,Low Income,KES,2025-01-01,2025-01-01
737,63,90688,781,False,Low Income,USD,2025-01-01,2025-01-01
738,38,7241,650,True,Low Income,USD,2025-01-01,2025-01-01
739,26,23153,810,False,Low Income,USD,2025-01-01,2025-01-01
740,50,22442,784,False,Low Income,KES,2025-01-01,2025-01-01
741,25,134805,525,False,Middle Class,KES,2025-01-01,2025-01-01
742,31,33542,604,False,Low Income,KES,2025-01-01,2025-01-01
743,38,10974,577,False,Low Income,USD,2025-01-01,2025-01-01
744,31,73547,646,False,Low Income,KES,2025-01-01,2025-01-01
745,38,13566,663,False,Low Income,KES,2025-01-01,2025-01-01
746,41,29487,666,False,Low Income,KES,2025-01-01,2025-01-01
747,45,19617,723,False,Low Income,KES,2025-01-01,2025-01-01
748,26,23193,754,False,Low Income,KES,2025-01-01,2025-01-01
749,55,76865,717,False,Low Income,KES,2025-01-01,2025-01-01
750,27,122646,610,False,Middle Class,KES,2025-01-01,2025-01-01
751,23,13101,595,False,Low Income,KES,2025-01-01,2025-01-01
752,34,59925,650,True,Low Income,USD,2025-01-01,2025-01-01
753,64,20207,679,False,Low Income,USD,2025-01-01,2025-01-01
754,64,20716,637,False,Low Income,KES,2025-01-01,2025-01-01
755,32,53772,555,True,Low Income,USD,2025-01-01,2025-01-01
756,44,15957,697,True,Low Income,KES,2025-01-01,2025-01-01
757,37,52917,622,False,Low Income,KES,2025-01-01,2025-01-01
758,52,65126,620,False,Low Income,USD,2025-01-01,2025-01-01
759,32,25693,646,False,Low Income,USD,2025-01-01,2025-01-01
760,37,104994,633,False,Middle Class,USD,2025-01-01,2025-01-01
761,29,13117,624,False,Low Income,KES,2025-01-01,2025-01-01
762,25,106545,560,False,Middle Class,KES,2025-01-01,2025-01-01
763,61,7667,642,False,Low Income,USD,2025-01-01,2025-01-01
764,25,314824,699,False,High Net Worth,KES,2025-01-01,2025-01-01
765,46,26239,668,False,Low Income,KES,2025-01-01,2025-01-01
766,24,14330,716,False,Low Income,USD,2025-01-01,2025-01-01
767,53,30147,599,False,Low Income,USD,2025-01-01,2025-01-01
768,24,15722,560,True,Low Income,USD,2025-01-01,2025-01-01
769,48,49492,632,False,Low Income,KES,2025-01-01,2025-01-01
770,50,108458,607,True,Middle Class,USD,2025-01-01,2025-01-01
771,53,16403,614,False,Low Income,KES,2025-01-01,2025-01-01
772,40,57729,664,True,Low Income,KES,2025-01-01,2025-01-01
773,42,10655,614,False,Low Income,KES,2025-01-01,2025-01-01
774,26,82980,562,False,Low Income,KES,2025-01-01,2025-01-01
775,39,50664,610,False,Low Income,KES,2025-01-01,2025-01-01
776,49,85900,673,False,Low Income,KES,2025-01-01,2025-01-01
777,63,32929,697,True,Low Income,KES,2025-01-01,2025-01-01
778,43,25639,696,True,Low Income,KES,2025-01-01,2025-01-01
779,42,69765,679,False,Low Income,KES,2025-01-01,2025-01-01
780,27,12753,638,True,Low Income,KES,2025-01-01,2025-01-01
781,22,9006,678,True,Low Income,KES,2025-01-01,2025-01-01
782,26,36171,647,False,Low Income,USD,2025-01-01,2025-01-01
783,62,26590,657,False,Low Income,USD,2025-01-01,2025-01-01
784,33,56560,584,False,Low Income,KES,2025-01-01,2025-01-01
785,47,86963,653,False,Low Income,USD,2025-01-01,2025-01-01
786,55,55626,676,False,Low Income,KES,2025-01-01,2025-01-01
787,35,81594,673,False,Low Income,KES,2025-01-01,2025-01-01
788,47,46950,559,False,Low Income,USD,2025-01-01,2025-01-01
789,48,53942,656,False,Low Income,KES,2025-01-01,2025-01-01
790,30,33079,548,True,Low Income,GBP,2025-01-01,2025-01-01
791,47,52682,662,False,Low Income,KES,2025-01-01,2025-01-01
792,43,41494,600,True,Low Income,USD,2025-01-01,2025-01-01
793,51,47105,769,False,Low Income,KES,2025-01-01,2025-01-01
794,64,31780,658,False,Low Income,KES,2025-01-01,2025-01-01
795,38,69365,706,False,Low Income,KES,2025-01-01,2025-01-01
796,47,20571,797,False,Low Income,USD,2025-01-01,2025-01-01
797,57,35786,592,True,Low Income,KES,2025-01-01,2025-01-01
798,22,103717,680,True,Middle Class,EUR,2025-01-01,2025-01-01
799,29,17000,566,False,Low Income,KES,2025-01-01,2025-01-01
800,56,6441,674,False,Low Income,KES,2025-01-01,2025-01-01
801,36,48686,773,False,Low Income,KES,2025-01-01,2025-01-01
802,43,29567,606,False,Low Income,KES,2025-01-01,2025-01-01
803,35,81527,587,False,Low Income,USD,2025-01-01,2025-01-01
804,47,32714,643,False,Low Income,KES,2025-01-01,2025-01-01
805,49,22393,793,False,Low Income,KES,2025-01-01,2025-01-01
806,44,34178,703,False,Low Income,KES,2025-01-01,2025-01-01
807,35,87068,586,False,Low Income,KES,2025-01-01,2025-01-01
808,45,57543,751,False,Low Income,USD,2025-01-01,2025-01-01
809,23,5181,534,False,Low Income,KES,2025-01-01,2025-01-01
810,47,42134,799,False,Low Income,KES,2025-01-01,2025-01-01
811,35,43853,709,False,Low Income,GBP,2025-01-01,2025-01-01
812,28,35789,773,False,Low Income,USD,2025-01-01,2025-01-01
813,24,22276,534,True,Low Income,KES,2025-01-01,2025-01-01
814,44,94431,661,False,Low Income,KES,2025-01-01,2025-01-01
815,64,98245,640,False,Low Income,KES,2025-01-01,2025-01-01
816,39,6232,579,False,Low Income,KES,2025-01-01,2025-01-01
817,59,19180,559,True,Low Income,USD,2025-01-01,2025-01-01
818,56,32345,685,False,Low Income,KES,2025-01-01,2025-01-01
819,36,77559,691,False,Low Income,KES,2025-01-01,2025-01-01
820,46,37342,740,False,Low Income,KES,2025-01-01,2025-01-01
821,58,21017,614,False,Low Income,KES,2025-01-01,2025-01-01
822,49,64063,640,False,Low Income,KES,2025-01-01,2025-01-01
823,31,30666,553,False,Low Income,KES,2025-01-01,2025-01-01
824,60,33059,757,False,Low Income,KES,2025-01-01,2025-01-01
825,38,35534,654,False,Low Income,KES,2025-01-01,2025-01-01
826,60,57494,700,False,Low Income,KES,2025-01-01,2025-01-01
827,43,28372,703,False,Low Income,KES,2025-01-01,2025-01-01
828,47,62916,752,False,Low Income,KES,2025-01-01,2025-01-01
829,46,34253,591,False,Low Income,KES,2025-01-01,2025-01-01
830,38,15465,698,False,Low Income,KES,2025-01-01,2025-01-01
831,34,35262,648,False,Low Income,KES,2025-01-01,2025-01-01
832,41,16120,797,False,Low Income,KES,2025-01-01,2025-01-01
833,46,37526,591,True,Low Income,KES,2025-01-01,2025-01-01
834,25,70514,731,False,Low Income,USD,2025-01-01,2025-01-01
835,31,15384,674,False,Low Income,EUR,2025-01-01,2025-01-01
836,24,48601,670,True,Low Income,USD,2025-01-01,2025-01-01
837,62,18709,653,False,Low Income,KES,2025-01-01,2025-01-01
838,39,42674,744,True,Low Income,USD,2025-01-01,2025-01-01
839,57,72269,668,False,Low Income,KES,2025-01-01,2025-01-01
840,43,6610,543,False,Low Income,KES,2025-01-01,2025-01-01
841,55,14889,735,False,Low Income,KES,2025-01-01,2025-01-01
842,29,27033,722,True,Low Income,USD,2025-01-01,2025-01-01
843,61,46724,691,True,Low Income,KES,2025-01-01,2025-01-01
844,40,31789,571,False,Low Income,KES,2025-01-01,2025-01-01
845,63,35006,581,False,Low Income,USD,2025-01-01,2025-01-01
846,62,186164,518,False,Middle Class,USD,2025-01-01,2025-01-01
847,58,13767,682,False,Low Income,KES,2025-01-01,2025-01-01
848,27,90074,555,False,Low Income,KES,2025-01-01,2025-01-01
849,47,27447,529,False,Low Income,KES,2025-01-01,2025-01-01
850,55,56363,739,False,Low Income,USD,2025-01-01,2025-01-01
851,27,199417,703,False,Middle Class,KES,2025-01-01,2025-01-01
852,58,63003,626,False,Low Income,KES,2025-01-01,2025-01-01
853,54,48922,640,False,Low Income,USD,2025-01-01,2025-01-01
854,43,130522,481,True,Middle Class,KES,2025-01-01,2025-01-01
855,42,89307,714,False,Low Income,KES,2025-01-01,2025-01-01
856,27,19158,601,False,Low Income,KES,2025-01-01,2025-01-01
857,27,45964,673,True,Low Income,KES,2025-01-01,2025-01-01
858,25,9191,475,True,Low Income,KES,2025-01-01,2025-01-01
859,51,23573,718,False,Low Income,KES,2025-01-01,2025-01-01
860,32,46687,597,False,Low Income,KES,2025-01-01,2025-01-01
861,51,22433,553,False,Low Income,KES,2025-01-01,2025-01-01
862,52,45192,626,False,Low Income,KES,2025-01-01,2025-01-01
863,45,35928,608,False,Low Income,EUR,2025-01-01,2025-01-01
864,30,55777,725,False,Low Income,GBP,2025-01-01,2025-01-01
865,24,25864,620,False,Low Income,KES,2025-01-01,2025-01-01
866,52,17117,745,False,Low Income,KES,2025-01-01,2025-01-01
867,61,118480,673,False,Middle Class,KES,2025-01-01,2025-01-01
868,58,24426,712,False,Low Income,USD,2025-01-01,2025-01-01
869,57,61574,649,False,Low Income,KES,2025-01-01,2025-01-01
870,45,114484,739,False,Middle Class,GBP,2025-01-01,2025-01-01
871,52,41362,569,True,Low Income,KES,2025-01-01,2025-01-01
872,27,18305,657,True,Low Income,GBP,2025-01-01,2025-01-01
873,23,31480,622,False,Low Income,USD,2025-01-01,2025-01-01
874,41,81963,747,False,Low Income,USD,2025-01-01,2025-01-01
875,49,42830,754,False,Low Income,KES,2025-01-01,2025-01-01
876,32,13847,650,True,Low Income,KES,2025-01-01,2025-01-01
877,25,58531,559,True,Low Income,KES,2025-01-01,2025-01-01
878,36,67213,679,False,Low Income,KES,2025-01-01,2025-01-01
879,27,27330,533,False,Low Income,KES,2025-01-01,2025-01-01
880,51,59171,763,False,Low Income,KES,2025-01-01,2025-01-01
881,59,44179,616,False,Low Income,KES,2025-01-01,2025-01-01
882,23,31009,647,False,Low Income,KES,2025-01-01,2025-01-01
883,36,12902,602,False,Low Income,KES,2025-01-01,2025-01-01
884,32,86022,586,False,Low Income,KES,2025-01-01,2025-01-01
885,29,66660,701,False,Low Income,GBP,2025-01-01,2025-01-01
886,47,57936,638,False,Low Income,KES,2025-01-01,2025-01-01
887,26,124943,652,False,Middle Class,KES,2025-01-01,2025-01-01
888,27,77354,579,False,Low Income,KES,2025-01-01,2025-01-01
889,47,62896,709,False,Low Income,USD,2025-01-01,2025-01-01
890,25,6182,717,True,Low Income,KES,2025-01-01,2025-01-01
891,40,94609,635,False,Low Income,KES,2025-01-01,2025-01-01
892,41,38811,738,False,Low Income,KES,2025-01-01,2025-01-01
893,54,46629,642,False,Low Income,KES,2025-01-01,2025-01-01
894,41,46885,704,False,Low Income,KES,2025-01-01,2025-01-01
895,33,67444,536,False,Low Income,EUR,2025-01-01,2025-01-01
896,22,89120,674,True,Low Income,GBP,2025-01-01,2025-01-01
897,47,60318,630,False,Low Income,KES,2025-01-01,2025-01-01
898,35,53115,660,False,Low Income,KES,2025-01-01,2025-01-01
899,59,43704,657,False,Low Income,KES,2025-01-01,2025-01-01
900,58,2486,658,False,Low Income,KES,2025-01-01,2025-01-01
901,32,28851,693,False,Low Income,KES,2025-01-01,2025-01-01
902,57,17098,610,False,Low Income,KES,2025-01-01,2025-01-01
903,34,95663,689,False,Low Income,GBP,2025-01-01,2025-01-01
904,64,59589,736,False,Low Income,EUR,2025-01-01,2025-01-01
905,24,25172,551,False,Low Income,KES,2025-01-01,2025-01-01
906,54,27277,595,False,Low Income,KES,2025-01-01,2025-01-01
907,27,26497,598,False,Low Income,KES,2025-01-01,2025-01-01
908,31,26122,573,False,Low Income,KES,2025-01-01,2025-01-01
909,26,11434,616,False,Low Income,KES,2025-01-01,2025-01-01
910,44,9614,722,False,Low Income,KES,2025-01-01,2025-01-01
911,31,37169,751,False,Low Income,USD,2025-01-01,2025-01-01
912,23,85840,657,False,Low Income,USD,2025-01-01,2025-01-01
913,34,23619,627,False,Low Income,KES,2025-01-01,2025-01-01
914,61,46293,706,False,Low Income,KES,2025-01-01,2025-01-01
915,23,65343,484,True,Low Income,KES,2025-01-01,2025-01-01
916,41,16404,576,True,Low Income,KES,2025-01-01,2025-01-01
917,22,35739,487,False,Low Income,KES,2025-01-01,2025-01-01
918,58,21306,575,False,Low Income,KES,2025-01-01,2025-01-01
919,30,131254,596,False,Middle Class,KES,2025-01-01,2025-01-01
920,38,126749,753,False,Middle Class,KES,2025-01-01,2025-01-01
921,30,16417,456,False,Low Income,EUR,2025-01-01,2025-01-01
922,32,49449,620,False,Low Income,KES,2025-01-01,2025-01-01
923,36,85312,693,False,Low Income,KES,2025-01-01,2025-01-01
924,45,71586,678,False,Low Income,KES,2025-01-01,2025-01-01
925,59,38764,752,False,Low Income,KES,2025-01-01,2025-01-01
926,56,103284,661,False,Middle Class,KES,2025-01-01,2025-01-01
927,51,17612,676,True,Low Income,GBP,2025-01-01,2025-01-01
928,52,28496,521,False,Low Income,USD,2025-01-01,2025-01-01
929,26,17995,580,True,Low Income,KES,2025-01-01,2025-01-01
930,35,67913,525,False,Low Income,KES,2025-01-01,2025-01-01
931,32,22785,690,False,Low Income,KES,2025-01-01,2025-01-01
932,30,31666,674,False,Low Income,KES,2025-01-01,2025-01-01
933,55,59524,671,False,Low Income,USD,2025-01-01,2025-01-01
934,33,63487,588,False,Low Income,KES,2025-01-01,2025-01-01
935,56,17576,581,False,Low Income,KES,2025-01-01,2025-01-01
936,56,84569,664,False,Low Income,KES,2025-01-01,2025-01-01
937,22,52289,603,False,Low Income,KES,2025-01-01,2025-01-01
938,61,15285,578,False,Low Income,EUR,2025-01-01,2025-01-01
939,43,12554,614,False,Low Income,KES,2025-01-01,2025-01-01
940,50,35858,603,False,Low Income,USD,2025-01-01,2025-01-01
941,29,71687,589,False,Low Income,KES,2025-01-01,2025-01-01
942,32,73172,564,False,Low Income,USD,2025-01-01,2025-01-01
943,62,48287,681,False,Low Income,KES,2025-01-01,2025-01-01
944,58,37757,758,False,Low Income,KES,2025-01-01,2025-01-01
945,35,54687,647,False,Low Income,USD,2025-01-01,2025-01-01
946,51,18319,665,False,Low Income,KES,2025-01-01,2025-01-01
947,56,140026,687,False,Middle Class,KES,2025-01-01,2025-01-01
948,42,138572,675,False,Middle Class,KES,2025-01-01,2025-01-01
949,58,51177,590,False,Low Income,USD,2025-01-01,2025-01-01
950,26,42524,770,False,Low Income,KES,2025-01-01,2025-01-01
951,40,26130,596,False,Low Income,EUR,2025-01-01,2025-01-01
952,35,55436,695,False,Low Income,KES,2025-01-01,2025-01-01
953,47,20888,687,False,Low Income,KES,2025-01-01,2025-01-01
954,25,6130,512,False,Low Income,USD,2025-01-01,2025-01-01
955,46,4141,624,True,Low Income,KES,2025-01-01,2025-01-01
956,63,19156,653,False,Low Income,USD,2025-01-01,2025-01-01
957,46,41155,659,True,Low Income,GBP,2025-01-01,2025-01-01
958,39,47362,671,False,Low Income,KES,2025-01-01,2025-01-01
959,61,24602,703,True,Low Income,KES,2025-01-01,2025-01-01
960,29,40679,649,True,Low Income,KES,2025-01-01,2025-01-01
961,60,29161,674,False,Low Income,USD,2025-01-01,2025-01-01
962,61,16326,646,False,Low Income,USD,2025-01-01,2025-01-01
963,35,34787,578,False,Low Income,KES,2025-01-01,2025-01-01
964,53,69589,652,False,Low Income,KES,2025-01-01,2025-01-01
965,59,16928,702,True,Low Income,KES,2025-01-01,2025-01-01
966,54,16934,727,False,Low Income,USD,2025-01-01,2025-01-01
967,44,15438,687,False,Low Income,KES,2025-01-01,2025-01-01
968,36,7713,743,False,Low Income,KES,2025-01-01,2025-01-01
969,54,24731,679,False,Low Income,KES,2025-01-01,2025-01-01
970,46,64297,710,False,Low Income,USD,2025-01-01,2025-01-01
971,38,41736,715,False,Low Income,KES,2025-01-01,2025-01-01
972,54,31716,634,False,Low Income,KES,2025-01-01,2025-01-01
973,23,40265,700,True,Low Income,KES,2025-01-01,2025-01-01
974,35,24558,584,False,Low Income,KES,2025-01-01,2025-01-01
975,61,7644,674,False,Low Income,USD,2025-01-01,2025-01-01
976,61,67980,690,False,Low Income,GBP,2025-01-01,2025-01-01
977,60,85553,723,False,Low Income,KES,2025-01-01,2025-01-01
978,27,20281,707,True,Low Income,KES,2025-01-01,2025-01-01
979,27,32187,724,False,Low Income,KES,2025-01-01,2025-01-01
980,24,30043,643,False,Low Income,KES,2025-01-01,2025-01-01
981,28,48099,625,False,Low Income,USD,2025-01-01,2025-01-01
982,29,140352,630,False,Middle Class,KES,2025-01-01,2025-01-01
983,63,91842,668,True,Low Income,KES,2025-01-01,2025-01-01
984,36,26862,523,False,Low Income,KES,2025-01-01,2025-01-01
985,50,56048,743,False,Low Income,KES,2025-01-01,2025-01-01
986,54,99060,653,False,Low Income,KES,2025-01-01,2025-01-01
987,51,50346,620,True,Low Income,KES,2025-01-01,2025-01-01
988,60,36179,472,False,Low Income,KES,2025-01-01,2025-01-01
989,48,51885,647,True,Low Income,USD,2025-01-01,2025-01-01
990,57,20689,636,True,Low Income,KES,2025-01-01,2025-01-01
991,50,23252,587,False,Low Income,KES,2025-01-01,2025-01-01
992,59,15502,602,False,Low Income,GBP,2025-01-01,2025-01-01
993,54,46427,648,False,Low Income,KES,2025-01-01,2025-01-01
994,58,32691,608,False,Low Income,USD,2025-01-01,2025-01-01
995,48,18797,690,False,Low Income,KES,2025-01-01,2025-01-01
996,54,31845,597,True,Low Income,KES,2025-01-01,2025-01-01
997,25,52891,660,False,Low Income,KES,2025-01-01,2025-01-01
998,43,168008,732,False,Middle Class,KES,2025-01-01,2025-01-01
999,23,81605,647,False,Low Income,KES,2025-01-01,2025-01-01
1000,31,5841,674,False,Low Income,EUR,2025-01-01,2025-01-01
